math score,reading score,writing score,gender_male,race/ethnicity_group B,race/ethnicity_group C,race/ethnicity_group D,race/ethnicity_group E,parental level of education_bachelor's degree,parental level of education_high school,parental level of education_master's degree,parental level of education_some college,parental level of education_some high school,lunch_standard,test preparation course_none,total_score,performance_level,read_write_interaction
0.39,-0.01,0.39,0,0,1,0,0,1,0,0,0,0,1,1,0.77,high,-0.0039000000000000003
-0.01,1.43,1.31,0,0,1,0,0,0,0,0,1,0,1,0,2.73,high,1.8733
1.58,1.77,1.64,0,1,0,0,0,0,0,1,0,0,1,1,4.99,high,2.9028
-1.26,-0.01,-1.58,1,0,0,0,0,0,0,0,0,0,0,1,-2.85,mid,0.0158
0.65,0.6,0.46,1,0,1,0,0,0,0,0,1,0,1,1,1.71,high,0.276
0.32,0.95,0.65,0,1,0,0,0,0,0,0,0,0,1,1,1.92,high,0.6174999999999999
1.45,1.77,1.58,0,1,0,0,0,0,0,0,1,0,1,0,4.8,high,2.7966
-1.72,-1.79,-1.91,1,1,0,0,0,0,0,0,1,0,0,1,-5.42,mid,3.4189
-0.14,-0.35,-0.07,1,0,0,1,0,0,1,0,0,0,0,1,-0.56,mid,0.0245
-1.85,-0.63,-1.19,0,1,0,0,0,0,1,0,0,0,0,1,-3.67,mid,0.7496999999999999
-0.53,-1.04,-1.06,1,0,1,0,0,0,0,0,0,0,1,1,-2.63,mid,1.1024
-1.72,-1.18,-1.65,1,0,0,1,0,0,0,0,0,0,1,1,-4.55,mid,1.9469999999999998
-0.07,0.81,0.33,0,1,0,0,0,0,1,0,0,0,1,1,1.07,high,0.26730000000000004
0.79,0.19,0.13,1,0,0,0,0,0,0,0,1,0,1,1,1.1099999999999999,high,0.0247
-1.06,-1.11,-0.66,0,0,0,0,0,0,0,1,0,0,1,1,-2.83,mid,0.7326000000000001
0.19,0.4,0.65,0,0,1,0,0,0,0,0,0,1,1,1,1.2400000000000002,high,0.26
1.45,1.36,1.18,1,0,1,0,0,0,1,0,0,0,1,1,3.99,high,1.6048
-3.17,-2.55,-2.64,0,1,0,0,0,0,0,0,0,1,0,1,-8.36,low,6.732
-1.33,-1.86,-1.45,1,0,1,0,0,0,0,1,0,0,0,0,-4.640000000000001,mid,2.697
-0.8,-0.77,-0.46,0,0,1,0,0,0,0,0,0,0,0,1,-2.0300000000000002,mid,0.3542
-0.01,-0.01,-0.33,1,0,0,1,0,0,1,0,0,0,1,1,-0.35000000000000003,mid,0.0033000000000000004
-0.07,0.4,0.13,0,1,0,0,0,0,0,0,1,0,0,0,0.46,high,0.052000000000000005
-1.46,-1.04,-0.99,1,0,0,1,0,0,0,0,1,0,1,1,-3.49,mid,1.0296
0.19,0.26,0.33,0,0,1,0,0,0,0,0,0,1,1,1,0.78,high,0.0858
0.52,0.12,0.79,1,0,0,1,0,1,0,0,0,0,0,0,1.4300000000000002,high,0.0948
0.46,0.33,0.26,1,0,0,0,0,0,0,1,0,0,0,1,1.05,high,0.0858
0.19,-1.04,-0.86,1,1,0,0,0,0,0,0,1,0,1,1,-1.71,mid,0.8944
0.06,-0.01,0.46,0,0,1,0,0,1,0,0,0,0,1,1,0.51,high,-0.0046
0.26,0.06,-0.2,1,0,1,0,0,0,1,0,0,0,1,1,0.12,mid,-0.012
-0.27,0.06,0.46,0,0,0,1,0,0,0,1,0,0,1,1,0.25,mid,0.0276
0.19,0.33,0.39,0,0,0,1,0,0,0,0,1,0,1,1,0.91,high,0.1287
-0.2,-0.29,-0.46,0,1,0,0,0,0,0,0,1,0,1,1,-0.95,mid,0.1334
-0.67,0.19,-0.2,0,0,0,0,1,0,0,1,0,0,0,1,-0.68,mid,-0.038000000000000006
-1.72,-1.86,-1.98,1,0,0,1,0,0,0,0,1,0,1,1,-5.5600000000000005,mid,3.6828000000000003
2.04,1.22,0.92,1,0,0,0,1,0,0,0,1,0,1,1,4.18,high,1.1224
0.98,0.81,0.72,1,0,0,0,1,0,0,0,0,0,1,0,2.51,high,0.5832
0.52,0.81,0.98,0,0,0,1,0,0,0,0,0,0,1,1,2.31,high,0.7938000000000001
-1.06,-0.35,-0.6,0,0,0,1,0,0,0,0,0,1,0,1,-2.0100000000000002,mid,0.21
0.59,1.43,1.31,0,0,0,1,0,0,0,0,0,0,0,0,3.33,high,1.8733
-0.6,-0.9,-0.73,1,1,0,0,0,0,0,0,0,0,0,1,-2.23,mid,0.657
-0.73,-0.56,-0.93,1,0,1,0,0,0,0,0,0,0,0,1,-2.22,mid,0.5208
-0.53,0.26,-0.0,0,0,1,0,0,0,0,0,0,0,1,1,-0.27,mid,-0.0
-0.86,-0.77,-0.2,0,1,0,0,0,0,0,0,0,0,1,1,-1.8299999999999998,mid,0.15400000000000003
-0.47,-0.29,-0.14,1,1,0,0,0,0,0,0,1,0,0,0,-0.9,mid,0.040600000000000004
-1.06,-0.9,-0.93,0,0,0,0,1,0,0,0,0,0,0,1,-2.89,mid,0.8370000000000001
-0.07,-1.04,-0.73,1,1,0,0,0,0,0,0,0,0,1,1,-1.84,mid,0.7592
-0.73,-0.29,-0.4,0,0,0,0,0,0,0,0,0,0,1,0,-1.42,mid,0.11599999999999999
-0.01,0.12,0.52,0,0,1,0,0,0,1,0,0,0,1,1,0.63,high,0.0624
-0.6,0.33,0.52,0,0,0,1,0,0,0,0,0,0,0,0,0.25000000000000006,mid,0.1716
1.05,1.02,0.92,1,0,1,0,0,0,1,0,0,0,1,0,2.99,high,0.9384
-0.86,-0.97,-1.32,1,0,0,0,1,0,0,0,1,0,1,1,-3.1500000000000004,mid,1.2804
0.72,-0.01,-0.0,1,0,0,0,1,0,0,0,0,0,0,0,0.71,high,0.0
-0.86,-1.73,-1.72,1,0,1,0,0,0,0,0,1,0,1,1,-4.31,mid,2.9756
1.45,0.6,0.46,1,0,0,1,0,0,1,0,0,0,1,1,2.51,high,0.276
0.32,1.02,1.25,0,0,1,0,0,0,0,0,0,1,0,0,2.59,high,1.275
-2.18,-1.93,-1.65,0,0,1,0,0,0,1,0,0,0,0,1,-5.76,low,3.1845
1.05,1.08,1.18,0,0,0,0,1,0,0,0,0,0,1,0,3.3099999999999996,high,1.2744
-0.93,-0.97,-1.25,1,0,0,1,0,0,0,0,0,0,1,1,-3.15,mid,1.2125
-0.53,-0.7,-0.66,1,0,0,1,0,0,0,0,1,0,1,0,-1.8900000000000001,mid,0.46199999999999997
-4.36,-3.58,-3.82,0,0,1,0,0,0,0,0,0,1,0,1,-11.76,low,13.6756
0.85,0.33,0.26,1,0,0,0,1,1,0,0,0,0,0,0,1.44,high,0.0858
-1.79,-2.07,-2.24,1,0,0,0,0,0,0,0,0,1,0,1,-6.1,low,4.6368
-0.27,-0.56,-0.86,1,0,0,0,0,0,0,0,0,0,0,1,-1.69,mid,0.48160000000000003
0.19,0.74,0.19,0,0,1,0,0,0,0,0,0,0,1,1,1.1199999999999999,high,0.1406
-0.47,-0.77,-0.6,0,0,0,1,0,0,0,0,0,1,1,1,-1.8399999999999999,mid,0.46199999999999997
0.06,-0.35,-0.46,1,1,0,0,0,0,0,0,0,1,1,1,-0.75,mid,0.161
-1.39,-2.21,-2.04,1,0,0,1,0,0,0,0,0,1,0,1,-5.64,mid,4.5084
-0.4,0.19,0.39,0,0,1,0,0,0,0,0,1,0,1,1,0.18,mid,0.0741
-0.34,-0.77,-0.79,1,1,0,0,0,0,0,0,0,0,0,1,-1.9000000000000001,mid,0.6083000000000001
-1.79,-0.35,-0.73,0,0,1,0,0,0,0,0,0,0,1,1,-2.87,mid,0.2555
-0.53,-0.42,0.33,0,0,0,1,0,0,0,0,1,0,0,0,-0.6199999999999999,mid,-0.1386
-0.2,-0.97,-0.33,1,0,0,1,0,0,0,0,1,0,1,0,-1.5,mid,0.3201
-1.66,-1.25,-1.32,0,0,0,0,0,0,0,0,0,0,0,1,-4.23,mid,1.6500000000000001
-0.34,-0.83,-0.79,1,0,1,0,0,0,0,0,0,1,0,1,-1.96,mid,0.6557
-1.13,-1.38,-1.78,1,0,1,0,0,0,0,0,0,1,1,1,-4.29,mid,2.4564
-1.46,-1.93,-1.98,1,1,0,0,0,0,0,0,0,0,0,1,-5.369999999999999,mid,3.8213999999999997
-2.38,-2.96,-3.03,1,0,0,0,1,0,0,0,0,1,1,1,-8.37,low,8.9688
0.92,0.6,0.85,1,0,0,0,0,1,0,0,0,0,1,0,2.37,high,0.51
-0.34,0.33,0.26,0,0,0,1,0,0,0,0,0,1,1,0,0.25,mid,0.0858
-0.27,-0.08,-0.0,0,0,0,0,1,0,0,1,0,0,1,1,-0.35000000000000003,mid,0.0
-1.26,-1.38,-1.19,0,1,0,0,0,0,0,0,0,0,1,1,-3.8299999999999996,mid,1.6421999999999999
-1.13,-1.66,-1.52,1,1,0,0,0,0,1,0,0,0,0,1,-4.3100000000000005,mid,2.5232
-1.06,-1.52,-0.93,1,0,0,0,0,0,0,0,1,0,0,0,-3.5100000000000002,mid,1.4136000000000002
0.39,-0.35,-0.33,1,0,0,0,1,0,0,0,0,0,1,1,-0.29,mid,0.11549999999999999
-1.59,-2.07,-2.24,1,0,0,1,0,0,1,0,0,0,0,1,-5.9,low,4.6368
0.46,0.74,0.92,0,0,1,0,0,0,0,0,1,0,1,1,2.12,high,0.6808000000000001
0.65,0.95,1.31,0,0,1,0,0,0,0,0,1,0,0,1,2.91,high,1.2445
0.32,0.12,0.39,0,0,0,1,0,0,0,0,0,0,1,1,0.8300000000000001,high,0.0468
-0.53,0.06,-0.07,0,0,0,0,0,0,0,0,1,0,1,1,-0.54,mid,-0.004200000000000001
0.46,1.15,0.92,0,0,0,1,0,0,0,0,0,1,1,1,2.53,high,1.058
-0.07,0.19,0.39,0,0,1,0,0,1,0,0,0,0,1,1,0.51,high,0.0741
-2.58,-2.41,-2.11,1,0,1,0,0,0,1,0,0,0,0,1,-7.1,low,5.0851
0.32,0.67,0.19,1,0,1,0,0,0,1,0,0,0,1,1,1.18,high,0.1273
-1.52,-1.66,-1.19,1,0,1,0,0,0,0,0,0,0,0,0,-4.369999999999999,mid,1.9753999999999998
0.85,1.15,1.58,0,1,0,0,0,0,0,0,1,0,1,1,3.58,high,1.817
0.79,0.81,0.92,1,0,1,0,0,0,0,0,0,0,0,0,2.52,high,0.7452000000000001
-0.07,-0.22,-0.4,1,1,0,0,0,0,0,0,0,1,1,0,-0.6900000000000001,mid,0.08800000000000001
-0.2,0.19,0.13,0,0,0,0,1,0,0,0,1,0,1,0,0.12,mid,0.0247
-0.53,-0.15,-0.4,0,0,0,1,0,0,0,0,1,0,0,1,-1.08,mid,0.06
-0.07,-0.15,-0.4,0,0,0,1,0,1,0,0,0,0,1,1,-0.62,mid,0.06
0.85,-0.15,-0.07,1,1,0,0,0,0,0,0,1,0,1,1,0.6299999999999999,high,0.0105
0.13,0.33,0.39,1,0,0,1,0,1,0,0,0,0,1,0,0.8500000000000001,high,0.1287
1.25,1.5,1.38,0,0,0,1,0,0,0,0,0,0,1,1,4.13,high,2.07
-0.4,-1.73,-1.39,1,1,0,0,0,0,1,0,0,0,1,0,-3.5199999999999996,mid,2.4046999999999996
2.11,1.15,1.44,1,0,1,0,0,0,0,0,1,0,1,0,4.699999999999999,high,1.656
-0.53,-0.15,0.26,0,0,1,0,0,0,0,0,1,0,1,1,-0.42000000000000004,mid,-0.039
1.38,2.11,2.1,0,0,0,1,0,0,0,1,0,0,1,1,5.59,high,4.431
-0.01,-0.42,-0.27,1,0,0,0,1,0,0,0,0,0,1,0,-0.7,mid,0.1134
-0.93,0.47,0.13,0,1,0,0,0,0,0,0,0,0,0,1,-0.33000000000000007,mid,0.0611
0.26,-0.35,0.26,0,1,0,0,0,0,0,0,0,1,1,1,0.17000000000000004,mid,-0.091
0.72,1.36,1.97,0,0,0,1,0,0,0,0,0,0,0,0,4.05,high,2.6792000000000002
-0.27,-0.97,-1.25,1,0,1,0,0,0,1,0,0,0,1,1,-2.49,mid,1.2125
-0.8,-1.11,-1.39,1,0,0,0,0,0,0,0,0,0,1,1,-3.3,mid,1.5429
-1.0,-0.77,-0.93,0,0,0,1,0,0,0,0,1,0,1,1,-2.7,mid,0.7161000000000001
2.17,2.11,2.1,0,0,0,0,1,1,0,0,0,0,1,0,6.379999999999999,high,4.431
1.18,0.54,0.39,1,0,1,0,0,0,1,0,0,0,1,1,2.11,high,0.2106
0.59,1.08,0.92,0,1,0,0,0,1,0,0,0,0,0,1,2.59,high,0.9936000000000001
0.79,0.88,0.72,0,0,0,1,0,1,0,0,0,0,1,1,2.3899999999999997,high,0.6335999999999999
-1.0,-0.42,-0.46,0,0,0,1,0,0,0,0,0,1,1,1,-1.88,mid,0.1932
-0.73,-0.01,-0.2,0,0,1,0,0,0,0,0,1,0,1,1,-0.94,mid,0.002
0.85,1.56,1.38,0,0,1,0,0,1,0,0,0,0,1,0,3.79,high,2.1528
1.64,1.36,1.58,1,1,0,0,0,0,0,0,0,0,1,0,4.58,high,2.1488
1.45,1.63,1.64,0,0,1,0,0,0,0,0,1,0,1,0,4.72,high,2.6731999999999996
-0.2,-0.83,-0.79,1,0,0,1,0,0,1,0,0,0,0,1,-1.82,mid,0.6557
1.12,0.74,0.33,1,0,0,0,1,0,0,0,1,0,1,1,2.19,high,0.2442
1.38,1.77,1.18,0,1,0,0,0,0,1,0,0,0,1,1,4.33,high,2.0886
0.39,-0.08,-0.07,1,1,0,0,0,0,0,0,0,1,1,1,0.24,mid,0.005600000000000001
-0.07,0.54,0.39,1,0,0,1,0,0,0,0,1,0,1,0,0.8600000000000001,high,0.2106
1.05,0.88,0.39,1,0,0,1,0,0,0,1,0,0,1,1,2.3200000000000003,high,0.3432
-1.0,-1.38,-1.12,0,0,0,0,0,1,0,0,0,0,1,1,-3.5,mid,1.5456
1.51,1.02,0.92,1,0,0,1,0,0,0,1,0,0,1,1,3.45,high,0.9384
-0.86,-2.21,-1.85,1,0,1,0,0,0,0,0,0,1,0,0,-4.92,mid,4.0885
1.38,0.33,0.13,1,0,0,0,1,0,0,0,1,0,0,0,1.8399999999999999,high,0.0429
0.59,0.81,1.05,0,0,1,0,0,0,0,0,1,0,1,0,2.45,high,0.8505000000000001
0.52,0.67,0.46,1,0,0,1,0,1,0,0,0,0,0,0,1.65,high,0.30820000000000003
-0.53,-0.97,-1.32,1,0,1,0,0,1,0,0,0,0,1,1,-2.8200000000000003,mid,1.2804
-1.0,-1.04,-1.78,1,1,0,0,0,0,0,0,0,1,1,0,-3.8200000000000003,mid,1.8512000000000002
0.26,-0.97,-0.79,1,0,0,0,1,0,1,0,0,0,1,1,-1.5,mid,0.7663
-0.47,-0.22,-0.07,0,0,1,0,0,0,0,0,0,0,1,1,-0.76,mid,0.015400000000000002
0.32,-0.56,0.06,1,0,0,1,0,0,0,0,1,0,1,0,-0.18000000000000005,mid,-0.033600000000000005
0.65,0.19,0.19,0,0,0,1,0,0,0,0,0,1,1,1,1.03,high,0.0361
-0.47,-0.49,-0.27,0,0,1,0,0,0,0,0,1,0,0,1,-1.23,mid,0.1323
-1.59,-0.97,-0.93,0,0,0,0,1,0,0,0,1,0,0,0,-3.49,mid,0.9021
-0.6,-1.79,-1.39,1,0,0,0,0,0,1,0,0,0,1,1,-3.7800000000000002,mid,2.4880999999999998
1.45,0.26,0.65,1,0,0,1,0,0,0,0,1,0,1,1,2.36,high,0.169
-2.91,-2.07,-2.31,0,0,1,0,0,0,0,0,1,0,0,1,-7.290000000000001,low,4.7817
1.45,1.02,0.46,1,1,0,0,0,0,0,0,0,1,1,1,2.9299999999999997,high,0.4692
0.46,-0.08,-0.14,1,0,1,0,0,0,0,0,0,0,0,1,0.24,mid,0.011200000000000002
0.13,0.4,0.85,0,0,0,1,0,1,0,0,0,0,1,0,1.38,high,0.34
2.24,2.11,1.64,1,0,0,0,1,0,0,0,0,0,0,0,5.989999999999999,high,3.4603999999999995
-0.27,-0.15,0.06,1,0,0,0,0,0,0,0,0,1,1,0,-0.36000000000000004,mid,-0.009
0.72,-0.15,-0.0,1,0,0,0,0,1,0,0,0,0,1,1,0.57,high,0.0
-0.47,0.06,-0.14,0,1,0,0,0,0,0,0,0,0,1,0,-0.55,mid,-0.008400000000000001
-0.8,-1.38,-1.39,1,0,0,1,0,1,0,0,0,0,1,1,-3.5699999999999994,mid,1.9181999999999997
-0.27,-0.15,-0.46,1,0,0,1,0,0,0,0,0,1,1,1,-0.8800000000000001,mid,0.069
0.26,1.36,1.31,0,0,1,0,0,0,0,0,1,0,1,0,2.93,high,1.7816000000000003
-0.01,0.33,0.65,0,0,0,0,1,0,1,0,0,0,0,0,0.97,high,0.21450000000000002
-0.4,-0.63,-0.53,1,1,0,0,0,0,0,0,1,0,0,1,-1.56,mid,0.33390000000000003
-0.34,1.15,1.25,0,1,0,0,0,0,0,0,0,0,1,0,2.0599999999999996,high,1.4375
-0.01,-0.49,-0.27,1,0,0,1,0,0,0,0,0,0,0,1,-0.77,mid,0.1323
1.05,0.6,0.39,1,1,0,0,0,0,0,0,0,0,0,0,2.04,high,0.23399999999999999
0.59,1.29,1.12,0,0,0,0,1,0,0,0,1,0,0,0,3.0,high,1.4448
-1.13,-1.11,-1.06,1,1,0,0,0,0,0,1,0,0,0,1,-3.3000000000000003,mid,1.1766
-0.93,-1.11,-1.25,1,0,1,0,0,0,1,0,0,0,1,1,-3.29,mid,1.3875000000000002
0.98,1.56,1.51,0,0,0,0,1,0,0,1,0,0,1,1,4.05,high,2.3556
1.97,2.11,2.1,0,0,1,0,0,1,0,0,0,0,1,0,6.18,high,4.431
-0.86,-1.25,-1.12,1,0,1,0,0,0,1,0,0,0,0,0,-3.23,mid,1.4000000000000001
-0.53,0.47,0.65,0,1,0,0,0,0,0,1,0,0,0,0,0.59,high,0.3055
0.13,0.95,0.65,0,1,0,0,0,0,1,0,0,0,1,0,1.73,high,0.6174999999999999
0.06,0.4,0.13,0,0,1,0,0,0,0,0,1,0,0,0,0.5900000000000001,high,0.052000000000000005
0.39,0.26,0.39,1,0,0,0,0,0,1,0,0,0,1,0,1.04,high,0.1014
1.84,1.29,0.65,1,0,0,0,1,0,0,0,0,1,1,1,3.78,high,0.8385
0.85,1.15,0.85,0,0,0,1,0,0,0,0,1,0,1,1,2.85,high,0.9774999999999999
-0.2,-0.15,0.13,0,0,1,0,0,0,0,0,0,0,1,1,-0.21999999999999997,mid,-0.0195
-1.52,-1.25,-0.93,0,0,1,0,0,1,0,0,0,0,0,0,-3.7,mid,1.1625
0.98,1.5,1.25,0,0,1,0,0,0,0,1,0,0,1,0,3.73,high,1.875
-1.33,-1.04,-0.66,0,1,0,0,0,0,1,0,0,0,0,0,-3.0300000000000002,mid,0.6864
0.32,0.54,0.59,0,0,1,0,0,0,0,0,0,0,1,0,1.4500000000000002,high,0.3186
-0.93,0.06,-0.4,0,1,0,0,0,0,0,1,0,0,0,0,-1.27,mid,-0.024
2.04,2.11,2.1,0,0,0,1,0,0,0,0,0,1,1,0,6.25,high,4.431
-0.27,-0.08,0.46,1,0,1,0,0,0,0,1,0,0,0,0,0.10999999999999999,mid,-0.0368
-1.33,-0.35,-0.14,0,0,1,0,0,0,0,0,1,0,0,1,-1.8200000000000003,mid,0.049
-1.06,-1.31,-1.39,0,0,0,0,1,0,1,0,0,0,1,1,-3.76,mid,1.8209
-0.07,-0.01,0.13,0,0,0,1,0,0,0,0,0,0,1,1,0.05,mid,-0.0013000000000000002
-1.39,-1.18,-1.25,1,0,1,0,0,0,0,0,0,1,0,0,-3.82,mid,1.4749999999999999
-0.07,-0.15,-0.2,1,0,1,0,0,0,0,0,0,0,0,0,-0.42000000000000004,mid,0.03
0.92,0.47,-0.2,1,0,0,0,1,0,1,0,0,0,1,1,1.1900000000000002,high,-0.094
-0.27,-0.22,-0.0,1,0,0,1,0,0,0,0,0,1,1,0,-0.49,mid,0.0
-1.19,-1.18,-1.52,1,1,0,0,0,0,0,0,0,1,0,1,-3.89,mid,1.7935999999999999
0.72,1.29,1.25,0,0,1,0,0,1,0,0,0,0,1,1,3.26,high,1.6125
-0.01,-0.29,0.06,0,0,0,0,1,0,0,0,0,0,1,1,-0.24,mid,-0.0174
0.65,0.95,0.72,1,0,0,1,0,0,0,0,1,0,1,0,2.3200000000000003,high,0.6839999999999999
-0.27,-0.35,-0.14,0,1,0,0,0,0,0,0,0,1,1,1,-0.76,mid,0.049
0.72,-0.49,-0.4,1,0,0,1,0,0,0,0,1,0,1,0,-0.17000000000000004,mid,0.196
0.19,1.02,1.12,0,0,1,0,0,0,0,1,0,0,1,0,2.33,high,1.1424
-0.34,-0.97,-1.06,1,0,0,1,0,0,0,0,0,0,1,1,-2.37,mid,1.0282
-0.47,-0.01,-0.2,1,0,1,0,0,0,0,0,0,1,0,0,-0.6799999999999999,mid,0.002
-0.73,-0.9,-1.12,1,0,0,0,1,0,1,0,0,0,0,1,-2.75,mid,1.0080000000000002
-1.39,-1.11,-0.86,0,1,0,0,0,0,0,0,1,0,0,1,-3.36,mid,0.9546000000000001
0.79,0.67,0.52,0,1,0,0,0,1,0,0,0,0,0,1,1.98,high,0.34840000000000004
0.06,1.02,1.18,0,0,1,0,0,0,0,0,0,0,1,0,2.26,high,1.2036
-0.07,0.81,0.59,0,0,0,1,0,0,0,0,1,0,0,1,1.33,high,0.4779
0.19,0.54,0.06,1,0,1,0,0,0,0,0,0,0,1,1,0.79,high,0.0324
-0.6,-0.01,-0.0,0,1,0,0,0,0,0,0,0,0,1,1,-0.61,mid,0.0
-0.47,-1.93,-1.72,1,0,1,0,0,0,0,0,1,0,1,1,-4.12,mid,3.3196
0.52,0.12,0.65,1,0,0,1,0,0,0,0,0,1,1,0,1.29,high,0.078
1.05,-0.49,-0.4,1,0,0,0,1,1,0,0,0,0,1,1,0.16000000000000003,mid,0.196
0.98,0.74,0.52,1,0,0,0,1,0,1,0,0,0,1,0,2.24,high,0.38480000000000003
0.52,0.81,0.52,0,1,0,0,0,0,0,0,1,0,0,1,1.85,high,0.4212
-0.53,-0.56,-0.14,0,1,0,0,0,0,0,0,1,0,0,1,-1.23,mid,0.07840000000000001
0.92,0.67,0.72,1,0,0,1,0,0,0,0,0,1,0,0,2.31,high,0.4824
-2.05,-2.82,-2.7,1,0,1,0,0,0,0,0,1,0,0,1,-7.569999999999999,low,7.614
-1.59,-0.49,-0.53,0,0,1,0,0,0,1,0,0,0,0,1,-2.6100000000000003,mid,0.2597
-0.4,-1.25,-0.79,1,0,1,0,0,0,0,0,0,0,0,0,-2.44,mid,0.9875
1.38,1.5,0.85,1,0,0,0,1,0,1,0,0,0,1,0,3.73,high,1.275
1.18,0.95,0.46,1,1,0,0,0,0,0,0,0,1,1,0,2.59,high,0.437
1.12,1.15,1.31,0,0,0,0,1,0,0,0,0,0,0,0,3.58,high,1.5065
-2.12,-1.86,-1.91,0,0,1,0,0,0,1,0,0,0,0,1,-5.890000000000001,low,3.5526
-0.01,0.54,0.13,1,1,0,0,0,0,1,0,0,0,0,1,0.66,high,0.07020000000000001
-0.34,-0.9,-0.79,1,1,0,0,0,0,0,0,0,1,1,0,-2.0300000000000002,mid,0.7110000000000001
-0.67,-0.08,0.39,0,0,0,1,0,0,1,0,0,0,1,0,-0.36,mid,-0.031200000000000002
1.38,1.08,0.33,1,1,0,0,0,0,0,0,0,0,1,1,2.79,high,0.35640000000000005
-0.73,-0.29,-0.4,0,0,1,0,0,0,0,0,0,1,0,1,-1.42,mid,0.11599999999999999
1.31,0.74,0.46,1,0,0,1,0,0,0,0,0,1,1,1,2.51,high,0.34040000000000004
-0.93,-0.22,0.33,0,1,0,0,0,0,0,0,0,0,1,0,-0.8200000000000001,mid,-0.0726
-1.39,-0.9,-0.93,0,0,0,0,1,0,0,1,0,0,0,1,-3.22,mid,0.8370000000000001
0.39,0.19,0.19,0,0,1,0,0,0,0,0,1,0,1,1,0.77,high,0.0361
-0.6,-1.31,-0.93,1,0,0,1,0,0,1,0,0,0,1,1,-2.8400000000000003,mid,1.2183000000000002
0.13,0.19,-0.27,1,0,0,0,0,0,0,0,0,1,0,1,0.04999999999999999,mid,-0.051300000000000005
1.45,1.77,1.71,0,0,1,0,0,0,0,0,1,0,1,0,4.93,high,3.0267
0.65,-0.35,-0.14,1,0,0,1,0,0,0,0,1,0,1,1,0.16000000000000003,mid,0.049
-1.33,-1.79,-1.72,1,0,1,0,0,0,0,0,0,0,1,1,-4.84,mid,3.0788
0.06,1.15,0.98,0,1,0,0,0,1,0,0,0,0,1,1,2.19,high,1.127
1.71,1.22,0.65,1,0,0,0,1,0,0,0,0,1,1,1,3.5799999999999996,high,0.793
1.12,0.88,1.05,1,0,1,0,0,1,0,0,0,0,1,0,3.05,high,0.924
0.92,0.4,0.59,1,0,0,1,0,0,0,0,0,0,1,1,1.9100000000000001,high,0.236
-0.2,-0.22,-0.07,1,0,0,1,0,1,0,0,0,0,0,1,-0.49000000000000005,mid,0.015400000000000002
-0.14,-0.63,0.39,0,0,0,1,0,0,0,0,0,1,1,0,-0.38,mid,-0.2457
-0.8,-1.18,-1.12,1,1,0,0,0,0,0,0,1,0,1,1,-3.1,mid,1.3216
1.18,0.74,0.79,1,0,1,0,0,0,0,0,0,0,1,1,2.71,high,0.5846
0.46,-0.08,-0.14,1,0,0,1,0,0,1,0,0,0,0,0,0.24,mid,0.011200000000000002
0.92,0.95,0.98,0,0,0,0,1,1,0,0,0,0,1,1,2.85,high,0.9309999999999999
-0.67,-1.18,-0.86,0,0,0,1,0,0,1,0,0,0,1,1,-2.71,mid,1.0148
-0.47,-1.25,-1.65,1,0,0,0,1,0,0,0,1,0,1,1,-3.37,mid,2.0625
0.59,0.33,0.06,1,0,0,1,0,0,0,0,0,1,1,1,0.98,high,0.0198
1.25,0.47,0.19,1,0,1,0,0,0,0,0,0,0,1,1,1.91,high,0.08929999999999999
1.51,0.47,0.39,1,0,0,0,1,0,0,0,0,0,1,1,2.37,high,0.1833
-0.53,0.06,-0.0,0,1,0,0,0,0,1,0,0,0,1,0,-0.47000000000000003,mid,-0.0
-0.07,-0.35,-0.4,0,1,0,0,0,0,1,0,0,0,1,1,-0.8200000000000001,mid,0.13999999999999999
0.13,-0.63,-0.99,1,0,1,0,0,0,1,0,0,0,1,1,-1.49,mid,0.6237
-1.26,-1.38,-1.25,1,0,0,0,0,0,0,0,0,1,1,0,-3.8899999999999997,mid,1.7249999999999999
0.32,0.95,0.98,0,0,0,1,0,0,0,0,1,0,0,1,2.25,high,0.9309999999999999
-0.4,0.06,0.13,0,1,0,0,0,0,0,0,0,1,1,0,-0.21000000000000002,mid,0.0078
0.92,0.74,0.26,1,0,0,1,0,0,0,1,0,0,1,1,1.9200000000000002,high,0.19240000000000002
-0.8,-1.18,-1.06,1,0,0,1,0,0,1,0,0,0,1,1,-3.04,mid,1.2508
-0.27,0.26,0.13,0,0,0,0,1,0,0,0,1,0,1,1,0.12,mid,0.033800000000000004
-0.14,0.26,-0.0,0,0,1,0,0,0,0,0,0,0,0,1,0.12,mid,-0.0
0.79,0.54,0.59,1,0,1,0,0,0,0,0,0,0,1,0,1.92,high,0.3186
0.26,0.4,0.65,0,1,0,0,0,0,0,0,1,0,1,1,1.31,high,0.26
-0.07,0.81,0.85,0,0,1,0,0,0,0,1,0,0,0,0,1.5899999999999999,high,0.6885
-0.14,0.67,0.59,0,0,1,0,0,0,0,0,0,1,0,0,1.12,high,0.3953
0.85,0.67,0.65,1,0,1,0,0,0,0,0,1,0,1,0,2.17,high,0.43550000000000005
-1.46,-1.31,-1.12,0,0,1,0,0,0,0,0,0,1,0,1,-3.89,mid,1.4672000000000003
2.17,1.63,1.44,0,0,0,0,1,0,1,0,0,0,1,1,5.24,high,2.3472
0.65,0.26,-0.0,1,0,0,1,0,0,1,0,0,0,1,1,0.91,high,-0.0
-0.47,-1.86,-1.78,1,0,0,1,0,0,0,0,0,1,0,1,-4.11,mid,3.3108000000000004
-0.2,0.4,0.85,0,0,1,0,0,1,0,0,0,0,1,1,1.05,high,0.34
0.19,0.19,0.59,0,0,0,1,0,0,1,0,0,0,1,1,0.97,high,0.11209999999999999
1.45,1.56,1.77,0,0,0,1,0,0,0,0,0,0,1,0,4.779999999999999,high,2.7612
0.32,0.47,0.13,0,0,0,0,1,0,0,0,1,0,0,1,0.92,high,0.0611
0.19,-0.42,-0.46,1,0,1,0,0,1,0,0,0,0,1,1,-0.69,mid,0.1932
-0.53,-1.38,-1.72,1,0,1,0,0,0,0,0,1,0,1,1,-3.63,mid,2.3735999999999997
-1.26,-1.11,-0.66,0,0,0,1,0,0,0,0,0,0,0,1,-3.0300000000000002,mid,0.7326000000000001
-0.07,0.06,0.19,0,0,0,1,0,0,0,0,1,0,1,1,0.18,mid,0.0114
1.45,1.08,0.52,1,1,0,0,0,0,0,0,1,0,1,0,3.0500000000000003,high,0.5616000000000001
1.12,0.6,0.33,1,0,1,0,0,1,0,0,0,0,1,1,2.0500000000000003,high,0.198
1.25,1.56,1.64,0,0,1,0,0,0,0,0,0,1,1,0,4.45,high,2.5584
-0.47,-0.42,0.46,0,0,0,0,1,0,1,0,0,0,1,0,-0.4299999999999999,mid,-0.1932
-0.07,1.15,0.79,0,0,1,0,0,0,0,0,0,1,0,1,1.8699999999999999,high,0.9085
0.46,-0.9,-0.73,1,1,0,0,0,1,0,0,0,0,0,1,-1.17,mid,0.657
-0.86,-1.18,-1.72,1,0,0,1,0,0,1,0,0,0,1,1,-3.76,mid,2.0296
-1.39,-1.45,-1.45,1,0,0,1,0,0,1,0,0,0,1,1,-4.29,mid,2.1025
0.46,0.67,1.05,0,0,0,1,0,1,0,0,0,0,0,1,2.18,high,0.7035000000000001
0.26,0.6,0.65,0,0,0,1,0,0,0,0,1,0,0,0,1.51,high,0.39
-1.92,-1.59,-1.45,0,1,0,0,0,0,0,0,0,1,1,1,-4.96,mid,2.3055
0.98,0.88,0.92,1,1,0,0,0,0,0,0,0,0,1,0,2.78,high,0.8096
2.04,0.88,1.31,1,0,0,0,1,0,0,0,0,0,1,0,4.23,high,1.1528
0.06,1.36,0.92,0,1,0,0,0,0,0,0,0,1,1,1,2.3400000000000003,high,1.2512
1.45,0.4,0.52,1,1,0,0,0,1,0,0,0,0,0,1,2.37,high,0.20800000000000002
0.72,0.47,0.59,1,0,0,0,1,0,0,0,0,1,1,0,1.7799999999999998,high,0.2773
0.65,0.06,-0.0,1,0,1,0,0,0,0,0,0,0,1,1,0.71,high,-0.0
1.31,0.26,0.13,1,0,0,1,0,0,0,0,0,1,1,1,1.7000000000000002,high,0.033800000000000004
-0.2,-0.63,-0.73,1,0,1,0,0,0,0,0,0,1,1,0,-1.56,mid,0.4599
-0.07,0.26,0.46,0,0,0,0,1,1,0,0,0,0,1,1,0.65,high,0.11960000000000001
0.79,0.54,0.79,1,0,0,1,0,0,1,0,0,0,0,0,2.12,high,0.42660000000000003
0.06,-0.49,-0.53,1,1,0,0,0,0,0,0,0,0,0,1,-0.96,mid,0.2597
-1.33,-1.93,-1.65,1,0,0,0,0,0,0,0,0,1,1,0,-4.91,mid,3.1845
0.32,0.33,-0.0,1,0,0,0,1,0,0,0,0,0,1,0,0.65,high,-0.0
-1.72,-1.59,-1.19,1,0,1,0,0,0,1,0,0,0,0,0,-4.5,mid,1.8921000000000001
1.58,1.22,0.46,1,0,0,1,0,0,0,0,0,0,0,1,3.26,high,0.5612
0.98,0.6,0.85,1,0,0,0,0,0,0,0,1,0,0,0,2.43,high,0.51
-0.67,-1.04,-1.06,1,0,0,1,0,0,0,0,0,1,0,1,-2.77,mid,1.1024
0.06,1.02,0.85,0,0,1,0,0,0,0,0,0,0,1,0,1.9300000000000002,high,0.867
0.92,0.47,-0.27,1,1,0,0,0,0,0,0,0,0,1,1,1.12,high,-0.1269
0.52,0.4,0.98,0,0,1,0,0,0,0,0,0,0,1,0,1.9,high,0.392
0.19,-0.15,0.06,1,0,0,0,0,0,0,0,1,0,1,1,0.1,mid,-0.009
2.17,1.22,0.85,1,0,0,0,1,0,0,0,1,0,1,0,4.239999999999999,high,1.037
-1.0,-1.18,-1.58,1,0,1,0,0,0,0,0,0,1,1,1,-3.76,mid,1.8644
-0.86,0.12,-0.07,0,1,0,0,0,0,0,0,0,0,0,1,-0.81,mid,-0.008400000000000001
-1.13,-0.83,-1.06,0,0,0,1,0,0,1,0,0,0,0,1,-3.02,mid,0.8798
0.46,0.47,0.79,0,1,0,0,0,0,0,0,0,0,1,1,1.72,high,0.3713
-0.01,-0.63,-0.73,1,1,0,0,0,1,0,0,0,0,1,1,-1.37,mid,0.4599
0.06,-0.56,-0.0,1,0,0,1,0,1,0,0,0,0,1,0,-0.5,mid,0.0
0.13,-0.15,0.06,0,0,1,0,0,0,0,0,0,0,0,0,0.04000000000000001,mid,-0.009
-0.47,-0.35,0.46,0,0,1,0,0,1,0,0,0,0,1,0,-0.35999999999999993,mid,-0.161
0.32,-0.22,-0.2,1,0,1,0,0,0,1,0,0,0,1,1,-0.1,mid,0.044000000000000004
0.72,0.88,1.51,0,0,0,1,0,0,0,1,0,0,1,0,3.1100000000000003,high,1.3288
1.12,0.19,0.65,1,0,1,0,0,0,0,0,0,0,1,1,1.96,high,0.12350000000000001
-0.2,0.12,0.06,1,1,0,0,0,1,0,0,0,0,1,1,-0.020000000000000018,mid,0.0072
-0.67,-0.29,-0.33,0,0,0,1,0,0,0,0,0,0,0,1,-1.29,mid,0.0957
0.06,0.67,1.05,0,0,1,0,0,0,1,0,0,0,0,0,1.78,high,0.7035000000000001
0.59,1.15,0.72,0,0,0,0,1,0,1,0,0,0,1,1,2.46,high,0.828
0.32,0.81,0.79,0,0,1,0,0,0,0,0,1,0,1,1,1.9200000000000002,high,0.6399
-1.52,-1.11,-0.99,0,0,1,0,0,0,0,0,0,1,0,1,-3.62,mid,1.0989
-1.66,-1.59,-1.65,0,0,1,0,0,0,1,0,0,0,0,1,-4.9,mid,2.6235
1.05,1.43,1.71,0,0,1,0,0,0,0,0,1,0,1,1,4.1899999999999995,high,2.4453
-0.34,-0.56,-0.4,1,0,1,0,0,0,0,0,1,0,1,1,-1.3000000000000003,mid,0.22400000000000003
-2.51,-3.17,-3.23,1,0,0,0,0,0,0,0,1,0,0,1,-8.91,low,10.2391
1.05,0.4,0.59,1,0,1,0,0,0,0,0,0,0,1,0,2.04,high,0.236
-1.66,-0.97,-1.12,0,1,0,0,0,0,0,0,0,1,1,1,-3.75,mid,1.0864
0.32,-0.63,-0.46,1,0,1,0,0,0,1,0,0,0,1,1,-0.77,mid,0.2898
-1.26,-2.21,-2.18,1,0,1,0,0,0,0,0,0,0,1,1,-5.65,mid,4.8178
-0.27,-0.9,-0.99,1,0,0,0,1,0,0,0,0,0,1,0,-2.16,mid,0.891
1.58,0.6,0.85,1,1,0,0,0,0,0,0,0,0,1,1,3.0300000000000002,high,0.51
1.12,1.63,1.77,0,0,1,0,0,1,0,0,0,0,1,1,4.52,high,2.8851
-0.34,-0.08,-0.14,0,1,0,0,0,0,0,0,1,0,0,1,-0.56,mid,0.011200000000000002
0.65,0.06,0.06,1,0,0,1,0,0,0,0,0,1,1,0,0.77,high,0.0036
-1.13,-1.25,-1.65,1,0,1,0,0,0,0,0,0,0,1,1,-4.029999999999999,mid,2.0625
-2.78,-2.14,-2.7,0,1,0,0,0,0,0,0,0,1,0,1,-7.62,low,5.7780000000000005
-2.05,-0.97,-0.53,0,0,0,1,0,0,0,0,0,1,0,0,-3.55,mid,0.5141
-0.53,-0.56,-1.06,1,0,1,0,0,0,1,0,0,0,0,1,-2.1500000000000004,mid,0.5936000000000001
-0.34,0.26,-0.33,0,0,1,0,0,0,1,0,0,0,1,1,-0.41000000000000003,mid,-0.0858
0.19,0.47,0.39,0,1,0,0,0,0,1,0,0,0,1,0,1.0499999999999998,high,0.1833
0.06,0.19,-0.07,1,0,0,1,0,0,0,0,0,0,1,0,0.18,mid,-0.013300000000000001
0.85,0.26,-0.07,1,0,0,1,0,0,0,0,1,0,1,1,1.0399999999999998,high,-0.0182
0.39,0.74,0.46,0,0,1,0,0,0,1,0,0,0,1,1,1.5899999999999999,high,0.34040000000000004
-0.27,-0.56,-0.73,1,1,0,0,0,0,0,0,1,0,1,1,-1.56,mid,0.40880000000000005
0.72,1.7,1.77,0,0,1,0,0,1,0,0,0,0,1,0,4.1899999999999995,high,3.009
0.59,0.33,-0.14,1,0,0,1,0,0,1,0,0,0,0,1,0.7799999999999999,high,-0.046200000000000005
1.38,0.33,0.52,1,0,0,0,1,0,0,0,0,0,1,1,2.23,high,0.1716
-0.93,-0.29,0.06,0,1,0,0,0,1,0,0,0,0,1,1,-1.16,mid,-0.0174
-0.01,-0.83,-1.06,1,0,0,0,1,0,0,0,1,0,1,1,-1.9,mid,0.8798
-0.2,0.6,0.79,0,0,1,0,0,0,0,0,1,0,1,0,1.19,high,0.474
-1.33,-0.77,-0.73,0,0,1,0,0,0,0,0,0,0,1,1,-2.83,mid,0.5621
-0.47,0.12,0.13,0,0,1,0,0,0,0,0,1,0,1,1,-0.21999999999999997,mid,0.0156
-0.34,0.19,0.13,0,1,0,0,0,1,0,0,0,0,1,1,-0.020000000000000018,mid,0.0247
-0.2,-0.56,-0.46,1,0,0,0,0,0,0,0,0,0,1,1,-1.22,mid,0.25760000000000005
-1.59,-0.22,0.06,0,0,1,0,0,0,0,0,1,0,0,0,-1.75,mid,-0.0132
-0.47,-0.49,-0.46,1,0,0,1,0,0,0,0,1,0,0,1,-1.42,mid,0.22540000000000002
0.92,1.43,1.38,0,0,0,1,0,0,0,0,1,0,1,1,3.73,high,1.9733999999999998
-0.53,-0.49,-0.6,0,1,0,0,0,0,1,0,0,0,1,1,-1.62,mid,0.294
1.25,1.02,0.65,1,1,0,0,0,0,0,0,0,1,1,0,2.92,high,0.663
-0.93,-0.77,-0.66,0,0,1,0,0,0,0,0,1,0,1,1,-2.3600000000000003,mid,0.5082
-2.58,-2.41,-2.37,0,0,0,1,0,0,0,0,0,1,0,1,-7.36,low,5.7117
-0.47,-0.63,-0.66,1,0,1,0,0,0,0,0,1,0,1,1,-1.7600000000000002,mid,0.4158
-1.13,-0.77,-0.53,1,0,0,0,0,1,0,0,0,0,0,0,-2.4299999999999997,mid,0.4081
0.19,-0.77,-0.99,1,0,1,0,0,0,1,0,0,0,1,0,-1.57,mid,0.7623
-0.34,-0.22,-0.46,1,0,1,0,0,1,0,0,0,0,0,1,-1.02,mid,0.1012
-1.46,-0.35,-0.66,0,0,0,0,0,0,0,0,0,1,0,1,-2.47,mid,0.23099999999999998
0.46,1.02,1.12,0,0,0,1,0,0,0,0,0,1,1,1,2.6,high,1.1424
1.18,0.54,0.19,1,0,0,0,1,0,0,0,1,0,1,1,1.91,high,0.10260000000000001
-1.39,0.26,0.13,0,0,1,0,0,0,0,0,1,0,0,0,-0.9999999999999999,mid,0.033800000000000004
0.52,0.33,0.26,1,0,0,1,0,0,0,0,0,1,1,1,1.11,high,0.0858
1.05,1.91,1.84,0,0,0,1,0,0,0,0,1,0,1,0,4.8,high,3.5144
-0.47,0.06,0.33,0,0,0,1,0,1,0,0,0,0,1,1,-0.07999999999999996,mid,0.0198
-1.33,-1.79,-1.78,1,0,0,0,1,0,0,0,0,0,0,1,-4.9,mid,3.1862
0.92,1.43,0.92,0,0,0,1,0,0,0,0,0,1,1,1,3.27,high,1.3156
1.25,1.77,2.1,0,0,0,1,0,0,0,1,0,0,0,0,5.12,high,3.717
0.32,0.95,0.59,0,0,0,0,0,0,0,0,0,1,1,1,1.8599999999999999,high,0.5605
-0.01,-0.35,-0.4,1,0,0,0,0,1,0,0,0,0,1,1,-0.76,mid,0.13999999999999999
0.92,1.15,0.98,0,1,0,0,0,0,0,0,0,0,1,1,3.05,high,1.127
1.38,2.11,1.77,1,0,1,0,0,0,0,0,0,0,1,0,5.26,high,3.7346999999999997
0.85,0.81,0.19,1,0,1,0,0,0,0,1,0,0,0,1,1.85,high,0.1539
-1.85,-1.38,-1.52,0,0,0,0,1,0,0,0,0,1,0,1,-4.75,mid,2.0976
-1.85,-1.79,-1.65,0,0,0,0,0,0,0,0,0,1,0,1,-5.29,mid,2.9535
0.06,0.47,0.46,0,0,0,0,1,0,0,0,1,0,1,1,0.99,high,0.2162
-0.14,0.26,0.13,0,0,0,0,1,1,0,0,0,0,1,1,0.25,mid,0.033800000000000004
-0.6,0.6,-0.07,0,0,1,0,0,0,0,0,0,0,0,1,-0.07,mid,-0.042
-0.27,-0.35,-0.27,0,0,0,1,0,0,1,0,0,0,1,1,-0.89,mid,0.0945
0.46,0.06,0.46,1,0,0,1,0,0,0,1,0,0,1,1,0.98,high,0.0276
0.46,-0.15,-0.6,1,0,0,0,1,0,0,0,0,1,0,0,-0.2899999999999999,mid,0.09
0.72,-0.08,0.59,0,0,0,1,0,0,0,0,1,0,1,1,1.23,high,-0.0472
0.65,-0.15,-0.07,1,0,0,0,1,0,0,0,1,0,1,1,0.43,high,0.0105
-0.6,-1.04,-0.79,1,0,1,0,0,0,0,0,0,0,1,0,-2.43,mid,0.8216000000000001
-0.07,0.33,0.59,0,0,1,0,0,0,0,0,0,1,1,0,0.85,high,0.1947
-1.19,-1.66,-1.78,1,0,0,0,0,0,1,0,0,0,0,1,-4.63,mid,2.9548
-1.06,-0.15,-0.33,0,1,0,0,0,0,1,0,0,0,0,1,-1.54,mid,0.0495
1.25,1.36,1.77,0,0,1,0,0,0,0,0,0,0,1,1,4.380000000000001,high,2.4072
0.52,-0.42,-0.73,1,1,0,0,0,0,0,0,0,1,1,1,-0.6299999999999999,mid,0.3066
-0.4,-0.7,-0.93,1,0,0,1,0,0,0,0,0,1,1,1,-2.0300000000000002,mid,0.651
-0.47,-1.04,-0.07,0,0,1,0,0,0,0,0,0,1,1,0,-1.58,mid,0.0728
-0.86,-1.79,-1.65,1,0,0,0,0,0,0,0,1,0,1,1,-4.3,mid,2.9535
-1.13,-0.29,-0.86,0,0,0,0,0,0,0,0,1,0,0,1,-2.28,mid,0.24939999999999998
1.45,2.04,2.1,0,0,0,1,0,0,1,0,0,0,1,0,5.59,high,4.284000000000001
-0.8,-0.7,-0.4,0,0,1,0,0,0,1,0,0,0,1,1,-1.9,mid,0.27999999999999997
-0.2,0.26,-0.0,0,0,1,0,0,0,0,0,0,1,1,1,0.06,mid,-0.0
-0.07,-0.29,-0.33,1,1,0,0,0,0,0,0,0,0,1,0,-0.69,mid,0.0957
1.05,0.74,0.59,0,1,0,0,0,0,0,0,0,0,1,1,2.38,high,0.4366
-0.93,-0.83,-0.79,0,0,0,1,0,0,1,0,0,0,0,0,-2.55,mid,0.6557
1.38,1.02,1.12,1,0,0,1,0,0,0,0,0,0,1,0,3.52,high,1.1424
0.26,0.12,0.39,0,0,0,1,0,0,0,1,0,0,1,0,0.77,high,0.0468
1.18,0.95,0.65,1,0,0,0,1,0,0,0,1,0,1,0,2.78,high,0.6174999999999999
0.32,-0.22,-0.53,1,0,0,1,0,0,0,0,0,0,1,1,-0.43000000000000005,mid,0.11660000000000001
-0.2,-0.15,-0.07,1,1,0,0,0,0,0,0,0,1,1,0,-0.42,mid,0.0105
-1.0,0.19,0.72,0,0,1,0,0,1,0,0,0,0,0,0,-0.09000000000000008,mid,0.1368
1.18,0.26,0.06,1,0,0,0,1,0,1,0,0,0,1,1,1.5,high,0.0156
0.32,0.33,-0.0,1,0,1,0,0,1,0,0,0,0,1,0,0.65,high,-0.0
0.52,0.26,-0.07,1,0,1,0,0,0,0,0,0,0,1,1,0.71,high,-0.0182
0.13,-0.7,-0.4,1,0,0,1,0,0,0,0,1,0,1,1,-0.97,mid,0.27999999999999997
-0.6,-0.9,-0.93,1,0,0,0,1,0,1,0,0,0,0,0,-2.43,mid,0.8370000000000001
1.05,1.63,1.64,0,0,1,0,0,0,0,0,0,0,0,0,4.319999999999999,high,2.6731999999999996
-0.6,-0.77,-0.27,0,0,0,1,0,0,1,0,0,0,1,0,-1.6400000000000001,mid,0.20790000000000003
-1.26,-0.77,-0.07,0,0,0,1,0,0,0,1,0,0,0,0,-2.1,mid,0.0539
-0.47,1.08,0.79,0,0,0,0,0,0,0,0,0,1,1,0,1.4000000000000001,high,0.8532000000000001
-1.66,-2.07,-2.24,1,1,0,0,0,0,0,0,1,0,0,1,-5.97,low,4.6368
-0.27,-0.15,-0.4,0,0,1,0,0,0,0,0,1,0,0,1,-0.8200000000000001,mid,0.06
1.31,0.95,1.18,1,0,1,0,0,1,0,0,0,0,1,1,3.4399999999999995,high,1.121
0.19,0.12,-0.2,1,0,1,0,0,0,0,0,0,1,0,1,0.10999999999999999,mid,-0.024
-0.07,-0.7,-0.99,1,0,0,0,0,0,0,0,0,1,0,1,-1.76,mid,0.693
0.13,-0.42,-0.93,1,0,1,0,0,0,0,0,0,1,0,1,-1.22,mid,0.3906
-0.14,-0.22,-0.6,1,0,1,0,0,0,0,0,0,0,0,1,-0.96,mid,0.132
-0.34,0.19,0.13,0,0,1,0,0,0,1,0,0,0,1,1,-0.020000000000000018,mid,0.0247
-0.34,-0.9,-0.86,1,0,1,0,0,0,1,0,0,0,1,1,-2.1,mid,0.774
-1.26,-0.7,-1.19,0,0,0,0,0,0,0,0,0,1,0,1,-3.15,mid,0.833
0.46,-0.22,-0.14,1,0,1,0,0,0,0,0,0,1,1,1,0.1,mid,0.030800000000000004
-1.06,-1.45,-0.99,1,0,1,0,0,0,0,0,1,0,0,0,-3.5,mid,1.4355
0.59,-0.08,-0.27,1,0,0,1,0,0,0,0,0,0,1,1,0.24,mid,0.0216
0.59,-0.22,0.33,1,0,0,1,0,0,0,0,0,0,0,1,0.7,high,-0.0726
0.26,-0.9,-1.12,1,0,1,0,0,0,1,0,0,0,1,1,-1.7600000000000002,mid,1.0080000000000002
1.51,1.29,0.92,1,0,0,1,0,0,0,0,0,1,1,0,3.7199999999999998,high,1.1868
0.06,0.81,0.72,0,0,1,0,0,0,0,0,1,0,1,0,1.59,high,0.5832
0.79,0.81,0.79,0,0,0,1,0,0,1,0,0,0,1,1,2.39,high,0.6399
-0.47,0.26,0.06,0,0,0,0,0,0,0,0,0,1,0,1,-0.14999999999999997,mid,0.0156
0.46,0.95,0.52,0,1,0,0,0,0,0,0,0,0,1,1,1.93,high,0.494
0.85,0.88,0.33,1,0,0,0,0,0,0,0,0,1,0,1,2.06,high,0.2904
0.06,0.33,0.59,0,0,1,0,0,0,0,0,0,1,1,0,0.98,high,0.1947
0.19,-0.22,-0.53,1,0,0,1,0,0,0,0,1,0,0,1,-0.56,mid,0.11660000000000001
1.31,0.81,0.79,1,0,1,0,0,0,1,0,0,0,1,0,2.91,high,0.6399
-1.26,-1.59,-1.72,1,1,0,0,0,0,1,0,0,0,1,1,-4.57,mid,2.7348
0.98,0.26,0.26,1,1,0,0,0,0,0,0,0,0,1,1,1.5,high,0.06760000000000001
-0.14,1.08,1.12,0,0,1,0,0,0,0,0,1,0,0,0,2.06,high,1.2096000000000002
2.24,1.56,1.91,0,0,0,0,1,0,0,0,1,0,1,1,5.71,high,2.9796
-0.07,0.54,0.39,0,0,1,0,0,0,0,0,0,0,0,1,0.8600000000000001,high,0.2106
-0.07,-0.77,-1.25,1,0,1,0,0,0,0,0,1,0,0,1,-2.09,mid,0.9625
-0.86,-0.56,-0.4,0,0,1,0,0,0,0,0,0,0,0,1,-1.8199999999999998,mid,0.22400000000000003
-1.92,-0.9,-1.39,1,0,1,0,0,1,0,0,0,0,0,1,-4.21,mid,1.251
0.85,1.36,1.38,0,0,0,1,0,1,0,0,0,0,1,1,3.59,high,1.8768
-0.86,-1.04,-1.32,1,0,0,1,0,0,0,0,0,0,0,1,-3.2199999999999998,mid,1.3728
2.24,2.11,2.1,0,0,0,0,1,1,0,0,0,0,1,1,6.449999999999999,high,4.431
0.39,-0.29,-0.0,1,1,0,0,0,0,1,0,0,0,1,0,0.10000000000000003,mid,0.0
-0.86,-0.77,-0.86,1,0,1,0,0,1,0,0,0,0,0,1,-2.4899999999999998,mid,0.6622
-0.8,-1.04,-1.52,1,1,0,0,0,0,0,0,1,0,0,1,-3.3600000000000003,mid,1.5808
0.32,0.06,0.52,0,0,0,0,1,0,0,0,1,0,1,1,0.9,high,0.0312
0.72,1.43,1.51,0,0,1,0,0,0,0,0,1,0,0,1,3.66,high,2.1593
0.59,-0.77,-0.4,1,0,0,0,0,1,0,0,0,0,1,0,-0.5800000000000001,mid,0.30800000000000005
1.18,1.22,1.51,0,0,1,0,0,0,0,0,1,0,1,1,3.91,high,1.8422
-2.65,-2.62,-1.98,0,0,0,1,0,0,0,0,0,0,0,1,-7.25,low,5.1876
0.39,-0.15,-0.2,1,0,0,0,0,0,1,0,0,0,0,0,0.04000000000000001,mid,0.03
0.72,1.29,1.12,0,0,0,0,0,0,1,0,0,0,0,0,3.13,high,1.4448
1.64,0.33,0.52,1,0,1,0,0,0,0,0,1,0,1,1,2.49,high,0.1716
1.12,1.08,1.44,0,0,1,0,0,0,0,0,0,0,1,0,3.64,high,1.5552000000000001
-0.2,-0.01,0.39,0,0,1,0,0,0,1,0,0,0,1,1,0.18,mid,-0.0039000000000000003
0.13,1.15,1.05,0,0,1,0,0,0,0,0,0,0,1,0,2.33,high,1.2075
-0.47,-0.15,-0.46,0,0,0,1,0,0,0,0,0,1,1,1,-1.08,mid,0.069
1.58,1.43,1.51,0,1,0,0,0,0,0,0,0,0,1,0,4.52,high,2.1593
0.32,0.47,0.98,0,0,0,1,0,1,0,0,0,0,1,0,1.77,high,0.46059999999999995
0.65,-0.49,-0.14,1,0,0,0,1,1,0,0,0,0,1,0,0.020000000000000018,mid,0.06860000000000001
0.92,-0.08,0.26,1,0,0,1,0,0,0,0,0,0,1,1,1.1,high,-0.020800000000000003
-0.73,-0.35,0.13,0,0,0,1,0,0,0,1,0,0,1,1,-0.9500000000000001,mid,-0.0455
0.65,0.12,-0.07,1,0,0,0,1,0,0,0,0,0,1,1,0.7,high,-0.008400000000000001
0.46,0.12,-0.0,1,1,0,0,0,0,1,0,0,0,1,0,0.5800000000000001,high,-0.0
-0.93,-0.7,-0.79,0,0,0,1,0,0,0,0,0,0,0,1,-2.42,mid,0.5529999999999999
0.13,-0.08,-0.46,1,0,1,0,0,0,0,0,1,0,0,1,-0.41000000000000003,mid,0.0368
-0.47,-1.18,-1.45,1,0,0,0,0,0,1,0,0,0,1,1,-3.0999999999999996,mid,1.7109999999999999
-1.13,-1.18,-0.93,0,1,0,0,0,0,0,0,0,0,1,1,-3.2399999999999998,mid,1.0974
0.26,0.33,0.19,1,0,1,0,0,0,1,0,0,0,1,1,0.78,high,0.0627
-0.34,-1.52,-0.79,1,0,0,1,0,0,0,0,1,0,0,1,-2.6500000000000004,mid,1.2008
-0.4,0.4,0.39,0,0,1,0,0,0,0,0,0,0,0,1,0.39,high,0.15600000000000003
-0.14,-1.11,-0.73,1,1,0,0,0,0,0,0,0,1,1,0,-1.98,mid,0.8103
0.85,0.88,0.92,1,0,0,0,0,0,0,0,0,0,0,0,2.65,high,0.8096
-0.07,1.08,0.52,0,0,0,0,0,0,0,0,0,0,0,1,1.53,high,0.5616000000000001
-0.14,-0.35,0.13,0,0,1,0,0,0,0,0,0,0,1,1,-0.36,mid,-0.0455
1.12,0.95,1.44,0,0,1,0,0,0,0,0,1,0,1,1,3.5100000000000002,high,1.3679999999999999
0.98,1.29,1.44,0,0,1,0,0,1,0,0,0,0,1,1,3.71,high,1.8576
-0.8,-0.35,-0.0,0,1,0,0,0,0,1,0,0,0,1,1,-1.15,mid,0.0
0.13,-0.35,-0.14,1,0,0,1,0,0,1,0,0,0,1,0,-0.36,mid,0.049
-0.8,-1.45,-1.06,0,0,1,0,0,0,0,0,1,0,1,1,-3.31,mid,1.537
-0.47,0.6,0.52,0,0,0,1,0,0,0,0,1,0,0,0,0.65,high,0.312
-0.01,-0.01,-0.0,0,1,0,0,0,0,0,0,0,1,1,1,-0.02,mid,0.0
0.65,0.12,0.26,1,0,0,0,1,0,0,0,1,0,1,1,1.03,high,0.0312
0.52,0.67,0.92,0,0,0,1,0,0,0,1,0,0,1,1,2.11,high,0.6164000000000001
1.84,1.22,1.58,0,1,0,0,0,0,0,0,0,0,1,0,4.640000000000001,high,1.9276
-0.2,-0.56,-0.93,1,0,1,0,0,0,0,0,1,0,0,1,-1.69,mid,0.5208
1.91,1.36,1.58,0,0,0,0,1,0,0,0,0,0,1,0,4.85,high,2.1488
-1.72,-0.7,-0.93,0,0,0,1,0,0,0,1,0,0,0,1,-3.35,mid,0.651
1.05,0.88,0.79,0,1,0,0,0,0,0,0,0,1,1,1,2.72,high,0.6952
0.13,0.06,-0.14,1,0,0,0,0,0,1,0,0,0,1,1,0.04999999999999999,mid,-0.008400000000000001
-0.73,-0.7,-0.93,1,1,0,0,0,1,0,0,0,0,0,1,-2.36,mid,0.651
0.85,0.6,0.59,1,0,1,0,0,0,0,1,0,0,1,1,2.04,high,0.354
1.31,1.56,1.25,0,0,1,0,0,1,0,0,0,0,1,1,4.12,high,1.9500000000000002
0.65,0.12,0.33,1,0,0,1,0,0,0,0,1,0,1,1,1.1,high,0.0396
-0.14,-1.31,-1.65,1,0,0,0,0,0,0,0,0,1,1,1,-3.1,mid,2.1614999999999998
-0.27,-1.38,-1.06,1,0,0,1,0,0,0,0,0,1,0,1,-2.71,mid,1.4627999999999999
-0.8,-0.56,-0.4,0,1,0,0,0,0,0,0,0,1,1,0,-1.7600000000000002,mid,0.22400000000000003
0.72,1.91,1.71,0,1,0,0,0,0,0,1,0,0,0,0,4.34,high,3.2661
0.65,1.22,1.12,0,0,1,0,0,0,0,0,0,1,1,0,2.99,high,1.3664
0.52,1.36,1.05,0,0,0,1,0,0,0,0,1,0,1,1,2.93,high,1.4280000000000002
-0.01,0.33,0.33,0,0,0,0,1,0,0,0,1,0,1,0,0.65,high,0.10890000000000001
-0.01,0.6,0.65,0,0,0,1,0,0,0,0,0,1,1,0,1.24,high,0.39
0.06,0.6,0.72,0,1,0,0,0,0,1,0,0,0,0,0,1.38,high,0.432
0.32,-1.38,-1.06,1,0,0,1,0,0,0,0,1,0,1,1,-2.12,mid,1.4627999999999999
1.64,1.15,1.05,0,0,1,0,0,0,0,0,0,0,1,1,3.84,high,1.2075
0.19,-0.77,-0.73,1,0,0,1,0,1,0,0,0,0,1,1,-1.31,mid,0.5621
-0.8,-0.7,-1.19,1,0,1,0,0,0,0,1,0,0,0,1,-2.69,mid,0.833
-0.86,-1.18,-1.25,1,0,1,0,0,0,1,0,0,0,1,0,-3.29,mid,1.4749999999999999
0.13,-0.63,-0.6,1,0,0,0,1,0,0,0,1,0,1,1,-1.1,mid,0.378
-0.67,-0.56,-0.53,1,0,1,0,0,0,0,0,0,1,0,0,-1.76,mid,0.29680000000000006
-1.99,-1.11,-1.65,0,0,1,0,0,0,1,0,0,0,0,1,-4.75,mid,1.8315000000000001
-2.45,-1.93,-1.39,0,0,0,1,0,1,0,0,0,0,0,1,-5.77,low,2.6826999999999996
-0.27,0.33,0.13,0,0,1,0,0,0,0,0,0,0,1,1,0.19,mid,0.0429
0.13,-0.15,0.33,0,0,1,0,0,0,0,0,0,0,1,0,0.31000000000000005,mid,-0.0495
-1.26,-1.04,-0.99,0,0,1,0,0,0,0,0,0,1,1,1,-3.29,mid,1.0296
-0.27,-0.56,-0.66,1,0,0,0,1,0,0,0,0,0,1,0,-1.4900000000000002,mid,0.36960000000000004
0.85,1.29,1.71,0,0,0,0,1,0,0,0,0,0,1,0,3.85,high,2.2059
0.46,-0.01,-0.0,1,1,0,0,0,0,1,0,0,0,1,0,0.45,high,0.0
-0.01,0.95,0.98,0,0,1,0,0,1,0,0,0,0,0,0,1.92,high,0.9309999999999999
-1.0,-0.63,-0.66,1,0,1,0,0,0,0,0,0,0,1,0,-2.29,mid,0.4158
-1.0,-0.22,-0.4,0,0,0,1,0,0,1,0,0,0,1,1,-1.62,mid,0.08800000000000001
1.25,-0.22,0.19,1,0,0,0,1,1,0,0,0,0,1,0,1.22,high,-0.041800000000000004
2.04,1.56,1.18,1,0,0,0,0,0,0,0,0,0,1,0,4.78,high,1.8408
0.59,-0.01,-0.0,1,0,1,0,0,0,1,0,0,0,1,0,0.58,high,0.0
0.85,0.88,0.79,1,0,0,1,0,0,0,0,0,0,0,0,2.52,high,0.6952
0.98,0.54,0.72,0,0,1,0,0,0,0,0,0,0,1,1,2.24,high,0.38880000000000003
1.05,1.77,1.38,0,0,0,1,0,0,0,0,0,0,1,1,4.2,high,2.4425999999999997
-0.14,-0.42,-0.14,0,0,0,1,0,0,0,1,0,0,1,1,-0.7000000000000001,mid,0.058800000000000005
0.79,0.95,0.79,1,0,0,0,1,0,0,0,0,1,0,0,2.5300000000000002,high,0.7505
1.71,2.11,1.91,0,0,0,0,0,0,0,0,0,1,1,0,5.7299999999999995,high,4.0301
0.39,-0.15,-0.27,1,0,1,0,0,0,1,0,0,0,1,0,-0.03,mid,0.0405
-0.27,-0.15,-0.27,0,0,1,0,0,0,1,0,0,0,0,1,-0.6900000000000001,mid,0.0405
0.85,0.19,0.06,1,0,1,0,0,0,0,1,0,0,1,1,1.1,high,0.0114
0.85,0.47,-0.2,1,0,1,0,0,0,0,0,0,1,0,1,1.1199999999999999,high,-0.094
1.38,1.43,1.31,1,1,0,0,0,1,0,0,0,0,0,0,4.119999999999999,high,1.8733
-1.72,-1.45,-1.19,0,1,0,0,0,0,0,0,0,0,1,1,-4.359999999999999,mid,1.7254999999999998
0.72,-0.49,-0.27,1,0,0,1,0,0,0,0,1,0,0,1,-0.040000000000000036,mid,0.1323
-0.86,-1.66,-1.85,1,0,0,0,1,0,0,0,0,0,1,1,-4.37,mid,3.071
-2.25,-2.07,-2.31,0,0,1,0,0,0,0,0,1,0,0,1,-6.630000000000001,low,4.7817
-0.73,0.19,0.72,0,0,1,0,0,0,0,0,0,0,1,0,0.17999999999999994,mid,0.1368
-0.34,-0.15,-0.14,1,0,1,0,0,0,0,1,0,0,0,1,-0.63,mid,0.021
-0.86,0.06,0.13,0,1,0,0,0,0,0,0,0,0,0,1,-0.67,mid,0.0078
0.46,-0.22,-0.4,1,0,0,1,0,0,0,0,0,1,1,1,-0.16,mid,0.08800000000000001
0.52,0.4,0.72,0,0,0,1,0,0,0,0,1,0,1,0,1.6400000000000001,high,0.288
-0.2,0.33,0.39,0,0,1,0,0,0,0,0,1,0,1,1,0.52,high,0.1287
1.97,1.43,1.58,1,0,1,0,0,1,0,0,0,0,1,0,4.98,high,2.2594
-0.2,0.74,0.79,0,0,0,1,0,0,0,0,1,0,0,0,1.33,high,0.5846
-1.19,-1.25,-1.45,1,1,0,0,0,1,0,0,0,0,0,1,-3.8899999999999997,mid,1.8125
-1.19,-1.79,-1.52,1,1,0,0,0,0,0,0,0,0,1,1,-4.5,mid,2.7208
1.71,2.11,2.1,0,0,0,0,1,1,0,0,0,0,0,0,5.92,high,4.431
-0.34,0.12,0.65,0,0,0,1,0,0,0,1,0,0,0,0,0.43,high,0.078
-0.2,-1.45,-1.39,1,1,0,0,0,0,1,0,0,0,0,1,-3.04,mid,2.0155
0.13,-0.08,-0.07,1,0,0,1,0,1,0,0,0,0,0,1,-0.020000000000000004,mid,0.005600000000000001
0.32,0.4,0.13,1,1,0,0,0,0,0,0,1,0,1,0,0.85,high,0.052000000000000005
1.64,1.84,1.58,1,0,0,0,0,1,0,0,0,0,1,1,5.0600000000000005,high,2.9072000000000005
-0.86,-0.49,-0.79,0,0,1,0,0,0,0,0,1,0,1,1,-2.14,mid,0.3871
-1.06,-0.22,-0.27,0,0,1,0,0,0,1,0,0,0,0,0,-1.55,mid,0.0594
0.52,0.81,0.19,0,0,0,0,1,0,1,0,0,0,1,1,1.52,high,0.1539
-1.72,-0.97,-0.99,1,0,0,0,0,0,0,0,0,0,0,0,-3.6799999999999997,mid,0.9602999999999999
-0.34,-1.25,-1.06,1,0,0,0,0,0,0,0,1,0,1,0,-2.6500000000000004,mid,1.3250000000000002
0.98,1.5,1.38,0,1,0,0,0,0,1,0,0,0,1,1,3.86,high,2.07
-1.19,-0.9,-0.66,0,1,0,0,0,0,0,0,1,0,0,0,-2.75,mid,0.5940000000000001
-0.86,-0.56,-0.0,0,0,0,1,0,0,0,1,0,0,1,1,-1.42,mid,0.0
0.98,1.91,1.84,0,0,0,1,0,0,0,0,0,1,1,1,4.7299999999999995,high,3.5144
0.72,0.67,0.79,0,0,0,0,1,0,0,0,0,1,1,1,2.18,high,0.5293000000000001
-0.2,0.26,0.65,0,0,0,1,0,1,0,0,0,0,0,1,0.71,high,0.169
0.46,0.4,0.79,0,0,0,1,0,0,0,0,0,0,1,0,1.6500000000000001,high,0.31600000000000006
0.19,0.54,0.59,0,0,0,1,0,0,0,0,1,0,1,1,1.3199999999999998,high,0.3186
-0.07,0.47,0.52,0,0,1,0,0,0,0,0,0,0,1,1,0.9199999999999999,high,0.2444
-0.73,0.26,0.33,0,0,0,0,0,0,1,0,0,0,1,1,-0.13999999999999996,mid,0.0858
-1.46,-0.42,-0.4,0,0,1,0,0,1,0,0,0,0,0,1,-2.28,mid,0.168
-0.8,-0.35,-0.2,0,0,1,0,0,0,0,0,1,0,1,1,-1.3499999999999999,mid,0.06999999999999999
-1.19,-0.22,-0.2,0,0,0,0,0,0,0,0,0,1,1,1,-1.6099999999999999,mid,0.044000000000000004
-0.53,-0.83,-0.93,1,0,1,0,0,0,0,0,1,0,0,1,-2.29,mid,0.7719
0.32,-0.49,-1.19,1,0,0,0,0,0,0,0,0,1,1,1,-1.3599999999999999,mid,0.5831
0.13,-0.08,-0.27,1,0,0,0,1,1,0,0,0,0,1,1,-0.22000000000000003,mid,0.0216
0.52,0.47,0.33,0,0,0,0,1,0,1,0,0,0,1,1,1.32,high,0.1551
1.71,2.11,2.04,0,0,1,0,0,1,0,0,0,0,1,0,5.859999999999999,high,4.3044
-0.67,0.67,0.26,0,0,1,0,0,1,0,0,0,0,1,0,0.26,mid,0.17420000000000002
-2.38,-3.1,-3.49,1,1,0,0,0,0,1,0,0,0,0,1,-8.97,low,10.819
-0.86,-1.04,-1.32,1,0,0,0,0,0,0,0,0,1,1,1,-3.2199999999999998,mid,1.3728
0.19,0.54,0.33,0,0,0,1,0,0,1,0,0,0,1,1,1.06,high,0.17820000000000003
-0.07,0.88,0.85,0,0,0,1,0,0,0,0,0,1,1,1,1.6600000000000001,high,0.748
-0.8,-0.63,-0.33,0,0,0,1,0,0,0,1,0,0,1,1,-1.7600000000000002,mid,0.2079
-2.45,-2.75,-2.51,0,0,1,0,0,0,1,0,0,0,1,1,-7.71,low,6.9025
0.65,0.6,0.79,0,0,0,0,1,0,0,0,1,0,1,1,2.04,high,0.474
-0.4,-0.83,-1.12,1,0,0,1,0,0,1,0,0,0,0,1,-2.35,mid,0.9296000000000001
1.18,1.36,1.44,1,0,0,1,0,0,0,1,0,0,0,0,3.98,high,1.9584000000000001
0.59,0.19,-0.4,1,0,1,0,0,0,0,0,0,1,1,1,0.38,mid,-0.07600000000000001
1.25,1.02,0.92,0,0,1,0,0,0,0,0,0,0,1,1,3.19,high,0.9384
-1.72,-0.77,-0.93,0,0,1,0,0,0,0,1,0,0,0,1,-3.4200000000000004,mid,0.7161000000000001
-0.34,-0.35,-0.4,0,0,0,0,1,0,0,0,1,0,1,1,-1.0899999999999999,mid,0.13999999999999999
-0.53,-0.42,-0.2,0,1,0,0,0,0,0,0,0,0,1,1,-1.15,mid,0.084
0.19,-0.63,-0.33,1,0,0,1,0,0,0,0,1,0,0,0,-0.77,mid,0.2079
-0.53,-0.7,-0.14,0,0,1,0,0,0,0,0,1,0,1,1,-1.37,mid,0.098
1.84,1.43,1.51,1,0,1,0,0,1,0,0,0,0,1,0,4.78,high,2.1593
-0.07,0.54,0.39,0,0,1,0,0,0,0,0,0,0,1,1,0.8600000000000001,high,0.2106
1.05,1.63,1.64,0,0,0,0,0,0,0,0,0,0,1,1,4.319999999999999,high,2.6731999999999996
-0.4,-0.08,0.26,0,0,1,0,0,0,1,0,0,0,1,1,-0.22000000000000003,mid,-0.020800000000000003
-1.92,-1.66,-1.98,0,0,0,0,1,1,0,0,0,0,1,1,-5.5600000000000005,mid,3.2868
1.45,0.6,0.98,1,0,0,1,0,1,0,0,0,0,1,1,3.03,high,0.588
1.91,0.81,1.05,1,0,0,1,0,0,0,1,0,0,1,1,3.7699999999999996,high,0.8505000000000001
-0.07,0.26,-0.0,1,0,1,0,0,0,0,0,0,0,0,0,0.19,mid,-0.0
-2.05,-0.56,-0.93,0,0,1,0,0,0,1,0,0,0,0,1,-3.54,mid,0.5208
-0.27,-0.42,-0.79,1,1,0,0,0,1,0,0,0,0,0,1,-1.48,mid,0.3318
-0.53,-1.25,-1.06,1,0,1,0,0,0,1,0,0,0,0,0,-2.84,mid,1.3250000000000002
2.24,1.84,1.18,1,0,0,0,0,0,0,0,1,0,1,0,5.26,high,2.1712
-0.34,-0.77,-0.4,0,0,0,0,1,1,0,0,0,0,0,1,-1.5100000000000002,mid,0.30800000000000005
2.24,1.91,2.04,1,0,0,1,0,0,0,0,1,0,1,0,6.19,high,3.8964
0.19,0.06,-0.33,1,1,0,0,0,0,0,0,0,0,0,0,-0.08000000000000002,mid,-0.0198
-0.34,-1.45,-1.45,1,0,0,1,0,0,0,0,0,0,1,1,-3.24,mid,2.1025
-1.13,-0.83,-1.45,1,0,0,1,0,0,0,0,1,0,0,1,-3.41,mid,1.2035
-1.46,-1.25,-0.86,0,0,1,0,0,0,0,0,0,1,1,0,-3.57,mid,1.075
0.06,-0.35,0.13,1,0,0,1,0,0,0,0,1,0,1,1,-0.15999999999999998,mid,-0.0455
0.85,-0.63,-0.2,1,1,0,0,0,0,1,0,0,0,1,1,0.019999999999999962,mid,0.126
-0.01,0.33,0.85,0,1,0,0,0,1,0,0,0,0,1,0,1.17,high,0.2805
0.59,1.29,1.12,0,0,1,0,0,0,1,0,0,0,1,1,3.0,high,1.4448
1.18,1.02,0.79,1,0,0,1,0,0,0,0,0,1,1,1,2.99,high,0.8058000000000001
0.32,0.33,-0.27,1,0,0,0,0,0,1,0,0,0,1,1,0.38,mid,-0.08910000000000001
0.06,0.74,0.85,0,1,0,0,0,0,1,0,0,0,0,0,1.65,high,0.629
0.92,1.56,1.31,0,0,0,1,0,0,0,0,0,1,1,0,3.79,high,2.0436
1.31,0.47,0.39,1,0,0,0,1,0,0,0,1,0,1,1,2.17,high,0.1833
0.65,0.33,0.33,0,0,0,1,0,0,0,0,0,0,1,1,1.31,high,0.10890000000000001
-1.66,-1.18,-1.12,1,0,0,1,0,0,1,0,0,0,1,1,-3.96,mid,1.3216
0.52,1.29,1.44,0,0,0,1,0,0,0,0,0,0,0,0,3.25,high,1.8576
0.39,0.81,0.72,0,1,0,0,0,0,0,0,0,1,0,1,1.9200000000000002,high,0.5832
0.52,0.67,0.79,0,0,0,0,1,0,1,0,0,0,1,0,1.98,high,0.5293000000000001
0.26,-0.29,-0.53,1,1,0,0,0,0,1,0,0,0,1,1,-0.56,mid,0.1537
-0.07,0.81,0.85,0,1,0,0,0,1,0,0,0,0,1,0,1.5899999999999999,high,0.6885
-0.47,0.06,-0.2,0,0,0,1,0,0,0,0,0,0,1,1,-0.61,mid,-0.012
-0.14,-0.49,-0.0,0,0,0,0,1,0,1,0,0,0,0,1,-0.63,mid,0.0
-1.06,-1.11,-0.86,0,1,0,0,0,0,1,0,0,0,1,1,-3.03,mid,0.9546000000000001
0.19,0.67,0.85,0,0,0,1,0,0,0,0,1,0,1,0,1.71,high,0.5695
-1.0,-0.9,-0.99,1,0,1,0,0,0,0,0,0,1,0,0,-2.8899999999999997,mid,0.891
0.13,0.74,0.52,0,0,0,0,0,0,1,0,0,0,1,0,1.3900000000000001,high,0.38480000000000003
1.25,1.15,1.97,0,0,0,1,0,0,0,0,1,0,1,0,4.37,high,2.2655
-0.07,0.06,0.39,0,0,0,0,0,0,0,0,0,0,1,0,0.38,mid,0.0234
0.46,0.67,0.72,0,1,0,0,0,0,0,0,0,1,1,1,1.85,high,0.4824
-0.27,-0.15,-0.07,0,1,0,0,0,0,0,0,1,0,1,1,-0.49000000000000005,mid,0.0105
0.72,-0.15,-0.27,1,0,1,0,0,0,0,0,0,0,0,1,0.29999999999999993,mid,0.0405
0.19,-0.22,-0.46,1,0,0,1,0,0,0,0,0,1,1,1,-0.49,mid,0.1012
-1.52,-0.63,-0.66,0,0,0,1,0,0,0,0,0,0,0,1,-2.81,mid,0.4158
1.58,1.22,1.12,1,0,0,1,0,0,0,0,0,0,1,1,3.92,high,1.3664
0.52,0.54,0.33,1,0,1,0,0,0,0,0,1,0,0,1,1.3900000000000001,high,0.17820000000000003
0.46,-0.22,-0.33,1,0,1,0,0,0,0,0,0,1,1,1,-0.09,mid,0.0726
-0.73,0.12,0.06,0,0,0,1,0,0,0,0,1,0,0,1,-0.55,mid,0.0072
-0.07,-0.01,-0.07,0,0,1,0,0,0,1,0,0,0,1,1,-0.15000000000000002,mid,0.0007000000000000001
0.92,-0.42,-0.33,1,0,0,1,0,0,0,0,0,0,1,1,0.16999999999999998,mid,0.1386
-1.06,-0.63,-0.53,0,0,1,0,0,0,0,0,0,1,0,0,-2.2199999999999998,mid,0.33390000000000003
-0.2,0.26,0.19,0,0,1,0,0,0,0,0,1,0,0,0,0.25,mid,0.0494
0.72,1.08,1.25,0,1,0,0,0,1,0,0,0,0,0,1,3.05,high,1.35
0.46,0.33,-0.46,1,0,1,0,0,0,0,0,1,0,1,1,0.33,mid,-0.15180000000000002
0.98,0.19,0.59,1,0,0,1,0,0,0,0,0,0,1,0,1.7599999999999998,high,0.11209999999999999
-0.01,0.47,-0.0,0,0,1,0,0,0,1,0,0,0,0,1,0.45999999999999996,high,-0.0
-0.93,-0.83,-1.19,1,0,0,1,0,0,0,0,0,0,0,1,-2.95,mid,0.9876999999999999
0.19,0.6,0.52,0,0,1,0,0,0,0,0,1,0,1,1,1.31,high,0.312
-0.07,1.02,1.05,0,0,1,0,0,0,0,0,0,0,1,0,2.0,high,1.0710000000000002
0.19,0.54,0.65,0,0,0,1,0,0,1,0,0,0,1,0,1.38,high,0.35100000000000003
-1.06,-0.35,-0.14,0,1,0,0,0,0,0,0,1,0,1,0,-1.5500000000000003,mid,0.049
0.46,0.6,0.52,0,0,0,0,1,0,0,0,1,0,1,0,1.58,high,0.312
0.26,0.88,0.52,0,0,1,0,0,0,0,0,0,1,1,0,1.6600000000000001,high,0.4576
0.98,0.4,0.65,1,0,0,1,0,0,0,0,0,0,0,1,2.03,high,0.26
-0.2,-0.56,-0.53,1,0,0,1,0,0,0,0,1,0,0,1,-1.29,mid,0.29680000000000006
0.06,0.19,0.39,0,0,0,1,0,0,1,0,0,0,1,1,0.64,high,0.0741
-0.4,-0.08,-0.53,1,1,0,0,0,0,1,0,0,0,1,1,-1.01,mid,0.0424
-0.27,-0.97,-0.93,1,1,0,0,0,0,1,0,0,0,1,1,-2.17,mid,0.9021
-2.45,-2.0,-1.58,0,0,1,0,0,0,0,0,0,1,0,0,-6.03,low,3.16
-0.27,-0.22,-0.0,1,1,0,0,0,0,0,0,1,0,1,0,-0.49,mid,0.0
1.84,2.04,2.1,0,0,0,0,1,0,0,1,0,0,1,0,5.98,high,4.284000000000001
1.25,0.4,-0.0,1,0,0,0,1,0,0,0,1,0,1,0,1.65,high,-0.0
0.72,0.6,0.33,1,0,0,1,0,0,0,0,0,0,0,1,1.65,high,0.198
-0.86,-0.77,-1.58,1,0,0,0,0,0,1,0,0,0,0,1,-3.21,mid,1.2166000000000001
1.78,1.43,0.98,1,0,0,0,1,0,0,0,1,0,0,1,4.1899999999999995,high,1.4014
-1.13,-1.11,-0.99,0,0,1,0,0,0,0,0,0,0,1,1,-3.2300000000000004,mid,1.0989
0.46,0.47,0.65,0,0,0,0,1,0,0,0,0,0,0,1,1.58,high,0.3055
-0.01,0.33,0.85,0,0,1,0,0,1,0,0,0,0,0,0,1.17,high,0.2805
0.72,0.54,0.33,0,0,0,1,0,0,0,0,0,0,1,1,1.59,high,0.17820000000000003
-1.13,-0.42,-0.79,0,0,1,0,0,0,0,0,0,1,1,1,-2.34,mid,0.3318
0.85,1.36,1.18,0,0,0,1,0,0,0,0,1,0,0,1,3.3899999999999997,high,1.6048
0.59,0.88,1.44,0,0,1,0,0,0,0,0,0,0,1,0,2.91,high,1.2671999999999999
-0.47,0.19,0.13,0,0,0,0,0,1,0,0,0,0,1,1,-0.14999999999999997,mid,0.0247
-0.6,0.6,0.72,0,0,0,1,0,0,0,0,0,0,1,0,0.72,high,0.432
-0.01,-0.22,-0.6,1,0,1,0,0,0,1,0,0,0,0,1,-0.83,mid,0.132
0.85,0.81,0.92,0,0,0,0,1,1,0,0,0,0,1,0,2.58,high,0.7452000000000001
-0.6,-0.15,0.26,0,1,0,0,0,0,0,0,0,1,1,1,-0.49,mid,-0.039
1.38,1.02,1.25,1,0,0,0,0,1,0,0,0,0,1,0,3.65,high,1.275
-0.2,-0.35,-0.07,0,0,0,1,0,0,0,0,1,0,1,1,-0.6200000000000001,mid,0.0245
-0.47,-0.42,-0.27,0,1,0,0,0,0,0,0,0,1,0,0,-1.16,mid,0.1134
-0.27,0.19,-0.2,1,0,0,0,0,1,0,0,0,0,0,1,-0.28,mid,-0.038000000000000006
-1.33,-2.41,-2.11,1,0,0,1,0,0,1,0,0,0,1,1,-5.85,low,5.0851
-0.01,-0.7,-1.06,1,0,1,0,0,0,0,0,1,0,1,1,-1.77,mid,0.742
1.51,1.22,0.72,1,0,0,1,0,0,1,0,0,0,1,1,3.45,high,0.8784
-1.59,-0.56,-0.66,0,0,0,1,0,0,0,0,0,0,0,0,-2.8100000000000005,mid,0.36960000000000004
1.78,1.02,1.44,1,0,1,0,0,0,0,0,1,0,1,0,4.24,high,1.4687999999999999
0.92,1.08,1.12,0,0,0,0,1,0,0,0,0,1,1,0,3.12,high,1.2096000000000002
2.11,2.11,2.04,0,0,0,1,0,0,0,0,1,0,1,1,6.26,high,4.3044
0.98,0.81,1.05,1,0,0,1,0,0,0,1,0,0,1,1,2.84,high,0.8505000000000001
-0.4,0.06,0.39,0,1,0,0,0,0,0,0,0,1,1,0,0.04999999999999999,mid,0.0234
0.65,1.7,1.25,0,1,0,0,0,0,0,0,0,0,0,0,3.6,high,2.125
0.46,0.6,0.26,1,0,1,0,0,0,0,0,0,0,1,0,1.32,high,0.156
1.97,1.84,2.04,0,0,1,0,0,0,0,0,0,0,1,0,5.85,high,3.7536
0.65,0.47,0.39,0,0,1,0,0,0,1,0,0,0,1,1,1.5100000000000002,high,0.1833
1.64,0.26,0.79,1,0,0,0,1,0,0,0,0,0,0,0,2.69,high,0.20540000000000003
-0.27,0.19,0.13,0,0,1,0,0,0,0,0,1,0,0,1,0.04999999999999999,mid,0.0247
-0.73,-0.7,-0.6,1,0,0,1,0,0,0,0,0,1,0,0,-2.03,mid,0.42
0.52,1.43,1.31,0,1,0,0,0,0,0,0,0,1,0,0,3.26,high,1.8733
-1.06,-1.45,-1.72,1,0,1,0,0,0,1,0,0,0,1,1,-4.2299999999999995,mid,2.4939999999999998
-1.26,-1.79,-1.78,1,1,0,0,0,0,0,0,1,0,1,1,-4.83,mid,3.1862
0.98,0.33,0.19,1,0,0,0,1,0,0,0,1,0,1,0,1.5,high,0.0627
-0.07,0.4,0.59,0,0,0,0,1,0,0,0,0,0,1,0,0.9199999999999999,high,0.236
0.13,-1.25,-0.73,1,0,0,0,1,0,0,0,0,1,1,0,-1.85,mid,0.9125
0.46,1.56,1.05,0,0,0,1,0,0,1,0,0,0,0,1,3.0700000000000003,high,1.6380000000000001
-0.86,-2.07,-2.04,1,0,1,0,0,0,0,0,1,0,1,1,-4.97,mid,4.222799999999999
0.13,0.54,0.79,0,1,0,0,0,0,0,0,0,0,0,0,1.46,high,0.42660000000000003
-0.73,-1.59,-1.65,1,0,0,0,0,0,0,0,0,1,0,1,-3.97,mid,2.6235
1.38,1.36,1.71,0,0,1,0,0,0,0,0,1,0,1,0,4.45,high,2.3256
-0.73,-1.52,-1.58,1,0,0,1,0,0,0,0,0,1,1,1,-3.83,mid,2.4016
-0.86,-0.77,-0.73,0,0,0,0,1,0,0,0,1,0,0,1,-2.36,mid,0.5621
0.06,-0.83,-0.6,1,0,1,0,0,0,0,1,0,0,1,1,-1.37,mid,0.49799999999999994
1.71,0.67,1.05,1,0,1,0,0,0,0,0,0,0,1,1,3.4299999999999997,high,0.7035000000000001
-0.86,-0.22,0.33,0,1,0,0,0,0,0,0,1,0,0,0,-0.75,mid,-0.0726
0.98,0.12,0.33,1,0,0,1,0,0,0,0,0,0,1,1,1.4300000000000002,high,0.0396
-0.34,-0.63,-0.86,1,0,1,0,0,0,1,0,0,0,0,1,-1.83,mid,0.5418
0.92,0.26,0.26,1,0,0,1,0,1,0,0,0,0,1,1,1.4400000000000002,high,0.06760000000000001
-1.92,-0.83,-0.79,0,0,0,0,0,0,0,0,0,0,0,1,-3.54,mid,0.6557
0.98,1.02,0.92,0,0,1,0,0,0,1,0,0,0,1,1,2.92,high,0.9384
-0.47,0.26,0.26,0,0,1,0,0,0,0,0,0,0,1,0,0.050000000000000044,mid,0.06760000000000001
-0.73,-0.97,-1.39,1,1,0,0,0,0,0,0,1,0,0,1,-3.09,mid,1.3482999999999998
0.39,0.67,0.39,1,0,0,1,0,0,0,0,0,0,1,1,1.4500000000000002,high,0.26130000000000003
0.19,0.4,0.19,1,0,0,1,0,0,1,0,0,0,1,1,0.78,high,0.07600000000000001
0.19,-0.35,-0.0,1,0,1,0,0,0,0,0,1,0,1,1,-0.15999999999999998,mid,0.0
-1.06,-0.63,-0.6,0,0,1,0,0,1,0,0,0,0,0,1,-2.29,mid,0.378
1.38,1.02,1.18,1,1,0,0,0,0,0,0,1,0,1,0,3.58,high,1.2036
0.32,-0.01,-0.0,1,0,0,1,0,0,0,0,0,1,1,0,0.31,mid,0.0
0.13,0.19,-0.2,1,0,0,0,1,0,0,0,1,0,1,1,0.12,mid,-0.038000000000000006
0.85,0.54,0.46,1,0,1,0,0,0,0,1,0,0,0,0,1.85,high,0.24840000000000004
0.72,1.43,1.12,0,0,1,0,0,0,0,0,0,1,1,0,3.27,high,1.6016000000000001
-0.53,-0.97,-0.99,1,0,1,0,0,0,0,0,0,0,0,1,-2.49,mid,0.9602999999999999
1.18,1.77,1.58,0,0,0,0,1,0,0,0,0,0,1,1,4.53,high,2.7966
-0.73,-0.77,-1.06,1,0,0,1,0,0,0,0,1,0,1,1,-2.56,mid,0.8162
0.26,-0.08,0.26,1,0,0,0,1,1,0,0,0,0,0,0,0.44,high,-0.020800000000000003
-0.93,-0.7,-0.2,0,0,0,1,0,0,0,0,1,0,0,0,-1.8299999999999998,mid,0.13999999999999999
0.19,0.54,0.59,1,1,0,0,0,0,0,0,1,0,1,0,1.3199999999999998,high,0.3186
-0.86,0.19,-0.27,0,0,1,0,0,0,1,0,0,0,0,1,-0.94,mid,-0.051300000000000005
-1.19,-0.77,-0.93,0,0,0,1,0,0,0,0,0,1,1,1,-2.89,mid,0.7161000000000001
0.79,0.81,1.18,1,0,0,1,0,0,0,0,0,1,1,0,2.7800000000000002,high,0.9558
-0.27,-0.49,-0.33,0,1,0,0,0,0,1,0,0,0,1,1,-1.09,mid,0.1617
-0.4,-0.42,-0.6,1,0,0,1,0,0,0,0,1,0,1,1,-1.42,mid,0.252
0.52,0.19,0.26,0,1,0,0,0,0,1,0,0,0,1,1,0.97,high,0.0494
-0.53,0.4,0.59,0,0,1,0,0,0,1,0,0,0,1,0,0.45999999999999996,high,0.236
0.65,-0.49,-0.53,1,1,0,0,0,0,1,0,0,0,1,0,-0.37,mid,0.2597
0.13,0.12,0.46,0,0,0,1,0,0,0,0,0,1,1,1,0.71,high,0.0552
-0.53,-0.63,-0.73,1,0,0,0,0,0,0,0,1,0,0,1,-1.8900000000000001,mid,0.4599
-0.93,-1.45,-1.25,1,1,0,0,0,0,1,0,0,0,1,1,-3.63,mid,1.8125
0.59,0.26,0.39,1,0,0,1,0,1,0,0,0,0,1,1,1.24,high,0.1014
-0.93,-0.15,0.26,0,1,0,0,0,0,0,0,0,1,0,0,-0.8200000000000001,mid,-0.039
-0.27,0.6,0.72,0,0,1,0,0,1,0,0,0,0,0,1,1.0499999999999998,high,0.432
-0.01,-0.29,-0.53,1,1,0,0,0,0,0,0,1,0,1,1,-0.8300000000000001,mid,0.1537
-1.13,-0.77,-0.86,0,1,0,0,0,0,0,0,0,1,0,1,-2.76,mid,0.6622
-0.01,0.19,0.13,0,1,0,0,0,0,1,0,0,0,1,1,0.31,mid,0.0247
-2.05,-1.73,-1.65,0,0,1,0,0,0,0,0,1,0,0,1,-5.43,mid,2.8545
0.39,0.67,0.92,0,0,0,0,0,0,0,0,1,0,1,0,1.98,high,0.6164000000000001
1.84,1.08,0.92,1,0,0,0,1,0,0,0,0,0,1,0,3.84,high,0.9936000000000001
-1.33,-0.9,-0.73,0,0,0,1,0,0,0,0,0,0,0,1,-2.96,mid,0.657
0.72,1.43,1.05,0,1,0,0,0,0,0,1,0,0,1,1,3.2,high,1.5015
0.65,1.08,0.92,0,1,0,0,0,0,1,0,0,0,0,0,2.65,high,0.9936000000000001
-0.93,-0.7,-0.4,0,0,1,0,0,0,0,0,0,0,1,0,-2.03,mid,0.27999999999999997
1.64,0.81,0.72,1,0,1,0,0,1,0,0,0,0,1,0,3.17,high,0.5832
-2.25,-1.25,-1.58,0,1,0,0,0,0,0,0,0,1,1,0,-5.08,mid,1.975
0.39,0.67,0.59,0,0,0,0,1,0,0,0,0,1,0,1,1.65,high,0.3953
-3.11,-2.14,-2.37,0,1,0,0,0,0,0,0,1,0,1,1,-7.62,low,5.0718000000000005
0.13,-0.29,-0.46,1,0,1,0,0,0,0,0,0,0,0,1,-0.62,mid,0.1334
-0.93,-0.29,-0.46,0,0,1,0,0,0,0,1,0,0,0,1,-1.68,mid,0.1334
-1.19,-0.49,-0.53,0,1,0,0,0,0,1,0,0,0,1,1,-2.21,mid,0.2597
-0.4,-0.22,0.13,0,0,0,1,0,0,0,0,1,0,0,1,-0.49,mid,-0.0286
-0.01,0.33,0.06,1,0,0,1,0,0,1,0,0,0,0,1,0.38,mid,0.0198
1.51,1.02,0.59,1,0,0,0,1,0,0,0,0,1,1,0,3.12,high,0.6018
-1.59,-1.18,-1.12,0,1,0,0,0,0,1,0,0,0,1,1,-3.89,mid,1.3216
-0.6,-0.08,0.33,0,0,0,0,1,0,0,0,0,0,0,0,-0.3499999999999999,mid,-0.026400000000000003
0.26,0.06,0.13,1,0,0,1,0,0,1,0,0,0,1,1,0.45,high,0.0078
0.26,1.02,0.85,0,0,0,0,1,0,0,0,0,0,0,1,2.13,high,0.867
0.19,-0.63,-0.93,1,0,0,0,1,0,0,0,1,0,1,1,-1.37,mid,0.5859000000000001
-0.93,-0.97,-0.73,0,0,1,0,0,0,0,0,0,0,1,1,-2.63,mid,0.7081
0.06,0.26,-0.0,1,0,1,0,0,0,0,0,0,1,1,0,0.32,mid,-0.0
0.65,0.74,0.33,1,0,1,0,0,0,0,0,0,1,1,0,1.7200000000000002,high,0.2442
1.38,1.7,1.77,0,0,0,0,1,0,0,0,0,0,1,1,4.85,high,3.009
1.05,1.08,1.25,0,1,0,0,0,0,0,0,1,0,1,1,3.38,high,1.35
0.46,0.47,0.65,0,0,1,0,0,0,0,0,1,0,1,1,1.58,high,0.3055
0.59,0.81,0.39,1,0,0,0,0,0,0,0,1,0,0,1,1.79,high,0.3159
-0.14,0.33,0.46,0,0,0,1,0,0,0,0,1,0,0,1,0.65,high,0.15180000000000002
-1.66,-1.66,-1.85,0,0,0,0,1,0,1,0,0,0,0,1,-5.17,mid,3.071
1.58,0.4,0.06,1,0,1,0,0,0,1,0,0,0,1,1,2.04,high,0.024
-0.47,-1.04,-1.12,1,1,0,0,0,1,0,0,0,0,1,1,-2.63,mid,1.1648
-1.0,-2.62,-2.11,1,0,0,0,0,0,0,0,0,1,1,1,-5.73,low,5.5282
-1.39,-1.52,-1.25,1,0,0,0,0,0,1,0,0,0,0,1,-4.16,mid,1.9
-0.8,-0.35,-0.07,0,0,1,0,0,0,0,1,0,0,1,0,-1.22,mid,0.0245
1.38,1.02,0.52,1,0,0,0,1,0,0,0,0,1,1,0,2.92,high,0.5304
0.39,0.74,0.98,0,0,1,0,0,0,1,0,0,0,1,1,2.11,high,0.7252
1.84,1.15,1.25,1,1,0,0,0,0,0,0,0,1,1,0,4.24,high,1.4375
-1.39,-0.7,-0.27,0,0,0,0,0,1,0,0,0,0,1,1,-2.36,mid,0.189
-0.34,0.06,0.52,1,0,0,1,0,1,0,0,0,0,0,0,0.24,mid,0.0312
-0.4,0.19,-0.0,0,1,0,0,0,0,1,0,0,0,0,1,-0.21000000000000002,mid,-0.0
0.72,1.5,1.31,0,0,1,0,0,0,0,0,0,1,1,1,3.53,high,1.965
1.25,1.43,1.58,0,0,0,0,0,0,0,0,0,1,1,0,4.26,high,2.2594
0.79,1.43,1.64,0,0,0,1,0,1,0,0,0,0,0,1,3.8599999999999994,high,2.3451999999999997
-1.13,-1.18,-1.12,1,0,0,0,1,0,0,0,1,0,0,0,-3.4299999999999997,mid,1.3216
0.32,1.22,0.92,0,1,0,0,0,0,1,0,0,0,0,1,2.46,high,1.1224
-1.19,-0.77,-1.06,0,0,1,0,0,0,0,0,0,1,0,1,-3.02,mid,0.8162
-0.27,-0.15,-0.66,1,0,1,0,0,0,1,0,0,0,1,1,-1.08,mid,0.099
-0.67,-0.08,0.13,0,0,1,0,0,0,0,0,0,0,0,0,-0.62,mid,-0.010400000000000001
-0.07,-0.01,0.52,0,0,1,0,0,0,0,0,0,1,1,1,0.44,high,-0.005200000000000001
0.19,1.15,0.85,0,0,0,1,0,0,0,0,0,1,0,0,2.19,high,0.9774999999999999
0.13,-1.04,-0.99,1,1,0,0,0,0,0,0,0,1,1,1,-1.9,mid,1.0296
-0.34,-0.63,-0.73,0,0,0,0,0,0,0,0,1,0,0,1,-1.7,mid,0.4599
0.52,1.15,1.38,0,0,1,0,0,1,0,0,0,0,0,0,3.05,high,1.5869999999999997
-0.14,-0.63,-0.66,1,0,0,0,0,1,0,0,0,0,1,1,-1.4300000000000002,mid,0.4158
0.72,0.88,1.38,0,1,0,0,0,0,1,0,0,0,1,0,2.98,high,1.2144
-0.53,-1.31,-1.52,1,1,0,0,0,0,0,0,1,0,1,1,-3.3600000000000003,mid,1.9912
-0.4,-0.35,0.39,0,0,1,0,0,0,1,0,0,0,1,0,-0.36,mid,-0.13649999999999998
0.46,-0.35,-0.73,1,0,0,0,1,0,1,0,0,0,1,1,-0.6199999999999999,mid,0.2555
0.59,0.88,0.72,0,0,0,0,0,0,1,0,0,0,1,0,2.19,high,0.6335999999999999
-0.53,-0.83,-0.99,1,1,0,0,0,0,0,0,0,0,0,0,-2.3499999999999996,mid,0.8217
-0.01,0.54,0.33,0,0,1,0,0,0,0,0,0,0,1,1,0.8600000000000001,high,0.17820000000000003
-1.79,-1.18,-1.45,0,0,0,1,0,0,1,0,0,0,0,1,-4.42,mid,1.7109999999999999
-0.14,-0.77,-1.12,1,0,1,0,0,0,0,0,0,1,1,1,-2.0300000000000002,mid,0.8624
-2.84,-1.73,-2.11,0,1,0,0,0,0,1,0,0,0,0,0,-6.68,low,3.6502999999999997
0.52,0.54,0.52,1,1,0,0,0,0,0,0,1,0,0,0,1.58,high,0.28080000000000005
-1.72,-0.29,-0.27,0,0,0,1,0,0,0,0,0,1,0,0,-2.28,mid,0.0783
1.58,1.08,1.05,1,0,0,0,1,0,0,1,0,0,1,1,3.71,high,1.1340000000000001
1.64,1.08,1.12,1,0,1,0,0,0,0,1,0,0,1,0,3.84,high,1.2096000000000002
-0.14,-1.04,-1.19,1,0,0,1,0,0,1,0,0,0,1,1,-2.37,mid,1.2376
-0.47,0.19,-0.0,0,0,1,0,0,0,1,0,0,0,1,1,-0.27999999999999997,mid,-0.0
0.92,0.4,0.06,1,0,0,1,0,0,0,0,0,0,1,1,1.3800000000000001,high,0.024
0.32,-0.15,-0.07,1,0,1,0,0,0,0,1,0,0,1,1,0.1,mid,0.0105
-0.34,-0.08,-0.33,0,0,0,0,0,0,1,0,0,0,1,1,-0.75,mid,0.026400000000000003
1.38,1.08,1.64,0,0,0,0,1,0,0,0,1,0,1,1,4.1,high,1.7712
1.05,-0.15,-0.46,1,0,0,0,1,0,0,0,0,1,1,1,0.44,high,0.069
-0.27,-0.35,-0.86,1,0,1,0,0,0,0,0,0,1,1,1,-1.48,mid,0.301
2.04,1.91,1.84,0,1,0,0,0,1,0,0,0,0,1,1,5.79,high,3.5144
0.59,-0.08,-0.2,1,1,0,0,0,0,0,0,1,0,0,1,0.31,mid,0.016
-0.07,0.67,0.85,0,0,1,0,0,1,0,0,0,0,1,1,1.4500000000000002,high,0.5695
-0.93,-1.38,-1.45,1,1,0,0,0,0,1,0,0,0,1,0,-3.76,mid,2.001
1.38,0.26,0.26,1,0,1,0,0,0,0,0,0,0,0,1,1.9,high,0.06760000000000001
-0.86,-0.49,-0.99,0,0,1,0,0,0,0,0,0,0,1,1,-2.34,mid,0.4851
0.98,1.15,1.25,0,0,0,0,1,0,0,1,0,0,0,1,3.38,high,1.4375
-1.79,-1.86,-1.98,1,0,0,1,0,1,0,0,0,0,0,0,-5.630000000000001,mid,3.6828000000000003
0.32,0.12,0.79,0,0,1,0,0,0,0,0,1,0,1,0,1.23,high,0.0948
2.04,1.63,1.51,1,0,1,0,0,0,0,0,0,0,1,1,5.18,high,2.4613
1.05,0.88,1.31,1,0,0,1,0,0,0,0,1,0,1,0,3.24,high,1.1528
-0.47,-1.11,-1.06,1,0,1,0,0,0,1,0,0,0,0,1,-2.64,mid,1.1766
-0.34,-1.86,-1.78,1,1,0,0,0,0,0,0,0,0,1,1,-3.9800000000000004,mid,3.3108000000000004
0.79,0.33,0.26,1,0,0,0,1,0,0,0,0,0,0,0,1.3800000000000001,high,0.0858
-1.13,-1.25,-1.12,1,0,1,0,0,0,0,0,0,0,0,1,-3.5,mid,1.4000000000000001
-0.47,-0.77,-1.39,1,1,0,0,0,0,1,0,0,0,1,1,-2.63,mid,1.0703
0.26,0.19,0.52,0,0,1,0,0,0,0,0,1,0,1,0,0.97,high,0.0988
1.05,1.02,0.65,1,1,0,0,0,0,0,0,0,0,1,0,2.72,high,0.663
1.58,1.43,0.92,1,0,0,0,1,0,0,0,0,0,0,1,3.9299999999999997,high,1.3156
-1.52,-0.49,-0.46,0,0,1,0,0,1,0,0,0,0,0,1,-2.4699999999999998,mid,0.22540000000000002
0.92,-0.35,-0.14,1,0,1,0,0,0,0,0,1,0,0,1,0.43000000000000005,high,0.049
0.98,0.88,1.05,1,0,0,1,0,0,0,0,1,0,1,1,2.91,high,0.924
-0.6,-0.56,-0.93,1,0,1,0,0,0,0,0,0,1,1,1,-2.0900000000000003,mid,0.5208
-0.47,0.19,0.79,0,0,0,1,0,0,0,0,0,1,1,1,0.51,high,0.1501
-0.14,0.47,0.39,0,0,0,1,0,0,0,0,0,0,1,1,0.72,high,0.1833
-0.2,-0.35,-0.14,1,0,1,0,0,1,0,0,0,0,1,0,-0.6900000000000001,mid,0.049
0.32,0.06,0.13,0,0,0,0,1,1,0,0,0,0,1,0,0.51,high,0.0078
-0.14,0.26,0.19,0,1,0,0,0,0,1,0,0,0,0,1,0.31,mid,0.0494
-0.73,-1.59,-1.58,1,0,0,1,0,1,0,0,0,0,0,1,-3.9000000000000004,mid,2.5122000000000004
-1.0,-1.25,-0.93,0,0,0,0,1,0,0,0,0,0,1,1,-3.18,mid,1.1625
-0.27,0.47,0.79,0,0,1,0,0,0,0,0,0,0,1,0,0.99,high,0.3713
1.78,2.11,1.77,0,0,0,0,1,0,0,0,0,0,1,0,5.66,high,3.7346999999999997
-0.8,0.19,-0.6,1,0,1,0,0,0,1,0,0,0,0,1,-1.21,mid,-0.11399999999999999
0.19,-0.29,0.39,0,0,0,1,0,0,0,0,1,0,0,1,0.29000000000000004,mid,-0.11309999999999999
-1.46,-1.25,-1.32,1,0,0,1,0,0,1,0,0,0,0,1,-4.03,mid,1.6500000000000001
1.31,1.08,1.51,0,0,0,0,1,0,0,0,1,0,1,0,3.9000000000000004,high,1.6308
1.25,1.56,1.12,0,0,0,0,1,0,0,0,0,0,1,1,3.93,high,1.7472000000000003
-1.06,-0.15,0.33,0,0,0,0,0,0,0,1,0,0,0,1,-0.8799999999999999,mid,-0.0495
1.45,0.33,0.46,1,0,0,1,0,0,0,0,0,1,1,0,2.24,high,0.15180000000000002
-0.47,-0.49,0.06,0,0,0,0,1,0,0,0,0,0,1,1,-0.8999999999999999,mid,-0.0294
-2.25,-2.41,-1.98,0,0,0,0,1,0,0,0,0,1,0,1,-6.640000000000001,low,4.7718
-1.99,-2.75,-2.7,1,1,0,0,0,0,1,0,0,0,0,1,-7.44,low,7.425000000000001
-0.2,0.6,0.72,0,1,0,0,0,0,0,0,0,1,0,0,1.1199999999999999,high,0.432
0.06,-1.04,-0.33,1,0,0,1,0,0,0,0,0,0,1,0,-1.31,mid,0.3432
-0.07,0.6,0.92,0,0,0,1,0,0,0,0,0,1,1,0,1.4500000000000002,high,0.552
1.25,1.02,1.38,1,0,0,1,0,0,0,1,0,0,1,1,3.65,high,1.4076
0.46,0.6,0.39,0,0,1,0,0,0,0,1,0,0,1,1,1.4500000000000002,high,0.23399999999999999
-2.12,-1.45,-1.78,0,0,0,0,0,0,1,0,0,0,0,0,-5.3500000000000005,mid,2.581
1.78,2.11,2.1,0,0,0,1,0,1,0,0,0,0,0,0,5.99,high,4.431
0.06,1.02,1.05,0,0,0,1,0,0,0,0,0,1,0,1,2.13,high,1.0710000000000002
1.45,0.54,0.59,1,0,0,1,0,0,0,0,1,0,1,1,2.58,high,0.3186
-0.6,-1.45,-1.12,1,1,0,0,0,0,1,0,0,0,1,1,-3.17,mid,1.624
0.85,1.02,1.51,0,0,0,1,0,0,0,0,1,0,1,0,3.38,high,1.5402
0.06,0.4,0.26,0,0,1,0,0,1,0,0,0,0,0,1,0.72,high,0.10400000000000001
0.26,-0.35,0.13,1,0,0,0,1,1,0,0,0,0,1,0,0.040000000000000036,mid,-0.0455
-1.06,-1.86,-1.32,1,0,0,1,0,1,0,0,0,0,0,1,-4.24,mid,2.4552
0.19,1.02,0.92,0,0,0,0,0,0,0,0,1,0,1,1,2.13,high,0.9384
-0.93,-0.56,-0.14,0,0,1,0,0,1,0,0,0,0,1,0,-1.6300000000000003,mid,0.07840000000000001
-1.26,-0.49,-0.14,0,0,1,0,0,1,0,0,0,0,0,0,-1.8900000000000001,mid,0.06860000000000001
-1.33,-0.56,-0.86,0,1,0,0,0,0,0,0,0,0,0,1,-2.75,mid,0.48160000000000003
0.13,0.06,-0.14,0,0,0,0,1,0,0,0,1,0,1,1,0.04999999999999999,mid,-0.008400000000000001
2.24,2.11,2.1,1,0,0,0,1,1,0,0,0,0,1,0,6.449999999999999,high,4.431
-1.46,-0.56,-1.06,0,0,1,0,0,0,1,0,0,0,1,1,-3.08,mid,0.5936000000000001
-0.6,0.54,0.79,0,0,1,0,0,0,0,0,0,0,1,0,0.7300000000000001,high,0.42660000000000003
1.64,1.84,1.51,1,1,0,0,0,0,0,0,1,0,1,0,4.99,high,2.7784
0.19,0.06,-0.07,1,0,0,1,0,0,1,0,0,0,0,1,0.18,mid,-0.004200000000000001
-2.05,-1.11,-1.45,0,0,1,0,0,0,1,0,0,0,0,1,-4.61,mid,1.6095000000000002
0.39,-0.22,-0.14,1,0,0,1,0,0,1,0,0,0,1,1,0.03,mid,0.030800000000000004
-0.8,-0.29,-0.2,0,1,0,0,0,0,0,0,0,0,0,1,-1.29,mid,0.057999999999999996
0.52,0.06,0.06,1,0,0,1,0,0,1,0,0,0,0,1,0.6400000000000001,high,0.0036
0.52,-0.35,-0.53,1,0,0,0,1,0,0,0,0,1,1,0,-0.36,mid,0.1855
-0.14,-0.9,-1.06,1,0,0,0,1,0,0,0,0,0,0,1,-2.1,mid,0.9540000000000001
-0.07,-0.56,0.19,0,0,0,1,0,0,1,0,0,0,0,0,-0.4400000000000001,mid,-0.10640000000000001
-1.33,-1.79,-1.58,1,0,0,0,1,0,0,0,0,0,0,0,-4.7,mid,2.8282000000000003
-1.19,-0.9,-1.12,0,0,1,0,0,0,0,0,0,1,0,1,-3.21,mid,1.0080000000000002
0.06,0.33,0.13,1,0,1,0,0,0,0,0,1,0,0,0,0.52,high,0.0429
-0.27,-0.83,-0.4,1,0,0,1,0,0,0,0,1,0,0,1,-1.5,mid,0.332
-0.34,0.12,0.33,1,0,0,1,0,0,0,0,0,0,0,0,0.10999999999999999,mid,0.0396
0.26,0.4,0.39,1,0,1,0,0,1,0,0,0,0,0,0,1.05,high,0.15600000000000003
2.11,1.22,1.44,1,0,1,0,0,0,0,0,0,0,1,0,4.77,high,1.7568
0.26,-0.42,-0.66,1,0,0,1,0,0,0,0,1,0,0,1,-0.8200000000000001,mid,0.2772
0.06,-0.83,-0.99,1,0,0,0,0,0,0,0,0,0,1,1,-1.76,mid,0.8217
-0.6,-0.77,-0.73,0,0,0,0,1,0,1,0,0,0,0,1,-2.1,mid,0.5621
1.25,0.81,1.12,1,0,0,1,0,0,0,0,1,0,1,0,3.18,high,0.9072000000000001
0.72,-0.08,0.06,1,0,0,1,0,0,0,0,0,1,1,0,0.7,high,-0.0048
0.39,-0.22,0.26,1,0,1,0,0,0,0,1,0,0,0,0,0.43000000000000005,high,-0.0572
0.79,1.5,1.84,0,0,0,1,0,0,0,1,0,0,1,1,4.13,high,2.7600000000000002
0.98,-0.22,-0.27,1,0,1,0,0,0,1,0,0,0,1,1,0.49,high,0.0594
-0.34,-0.49,-0.46,1,0,0,0,0,0,0,0,0,1,0,0,-1.29,mid,0.22540000000000002
-0.53,-0.08,-0.46,0,1,0,0,0,0,1,0,0,0,1,1,-1.07,mid,0.0368
-0.8,-0.56,-0.66,0,0,1,0,0,0,0,0,0,0,1,1,-2.02,mid,0.36960000000000004
1.05,0.88,0.79,1,1,0,0,0,0,1,0,0,0,1,1,2.72,high,0.6952
-1.13,-0.77,-0.53,0,0,0,1,0,0,0,0,1,0,0,1,-2.4299999999999997,mid,0.4081
-1.13,-1.31,-1.06,1,1,0,0,0,0,0,0,0,1,0,0,-3.5,mid,1.3886
-0.6,0.4,0.33,0,0,0,0,1,0,1,0,0,0,0,0,0.13000000000000006,mid,0.132
1.84,0.26,0.19,1,0,0,0,1,0,1,0,0,0,1,1,2.29,high,0.0494
0.59,0.54,0.98,0,0,0,1,0,0,0,0,1,0,1,0,2.11,high,0.5292
0.52,0.33,0.26,0,0,0,0,1,0,0,0,0,1,0,1,1.11,high,0.0858
-0.53,-1.18,-0.93,1,0,1,0,0,0,1,0,0,0,1,0,-2.64,mid,1.0974
-0.27,-0.01,0.06,0,0,1,0,0,0,0,0,1,0,1,1,-0.22000000000000003,mid,-0.0006
0.39,-0.83,-0.4,1,0,0,0,1,0,0,0,0,0,1,1,-0.84,mid,0.332
1.18,1.22,0.85,1,0,1,0,0,0,0,0,1,0,1,1,3.25,high,1.037
1.71,2.11,2.1,0,0,0,1,0,0,0,1,0,0,1,1,5.92,high,4.431
-1.39,-0.42,-0.6,0,0,0,1,0,0,1,0,0,0,1,1,-2.4099999999999997,mid,0.252
0.59,0.81,0.19,1,0,1,0,0,0,1,0,0,0,1,1,1.5899999999999999,high,0.1539
-0.67,-0.77,-0.27,0,0,0,0,0,0,0,0,1,0,1,1,-1.71,mid,0.20790000000000003
-1.19,-1.04,-0.99,0,0,0,1,0,0,0,0,0,1,0,1,-3.2199999999999998,mid,1.0296
2.24,2.11,2.1,0,0,0,0,1,0,0,0,0,0,1,1,6.449999999999999,high,4.431
-0.07,0.47,0.46,0,0,1,0,0,0,0,0,0,1,0,0,0.86,high,0.2162
0.39,-0.83,-0.66,1,0,0,1,0,0,0,0,1,0,1,1,-1.1,mid,0.5478
-0.27,0.06,0.26,0,0,0,1,0,0,0,0,1,0,1,1,0.04999999999999999,mid,0.0156
-0.01,-0.08,-0.27,1,0,0,0,0,0,0,0,0,1,1,0,-0.36,mid,0.0216
-0.2,-0.42,-0.53,1,0,1,0,0,0,0,0,1,0,1,1,-1.15,mid,0.2226
0.13,0.47,-0.07,0,0,0,0,1,0,0,0,0,0,1,1,0.53,high,-0.0329
0.59,1.02,0.79,0,1,0,0,0,1,0,0,0,0,1,1,2.4,high,0.8058000000000001
1.51,2.11,2.1,0,0,0,1,0,1,0,0,0,0,1,1,5.720000000000001,high,4.431
0.79,0.19,0.06,1,0,1,0,0,0,0,0,0,1,1,0,1.04,high,0.0114
-0.86,-1.31,-0.53,0,0,0,0,0,0,1,0,0,0,0,0,-2.7,mid,0.6943
-1.13,-0.29,-0.46,0,0,0,1,0,0,0,0,1,0,0,1,-1.88,mid,0.1334
-0.8,-0.42,-0.07,0,0,0,0,0,0,0,0,1,0,1,1,-1.29,mid,0.029400000000000003
-0.14,0.88,0.59,0,0,1,0,0,0,0,0,1,0,1,0,1.33,high,0.5192
-0.4,-0.49,-0.53,1,1,0,0,0,0,0,0,1,0,0,0,-1.42,mid,0.2597
-0.27,-0.29,-0.66,1,0,1,0,0,0,0,0,0,0,1,1,-1.2200000000000002,mid,0.1914
-0.73,-1.93,-1.32,1,0,0,1,0,0,1,0,0,0,1,0,-3.9800000000000004,mid,2.5476
1.64,1.77,1.71,0,0,1,0,0,0,0,0,0,0,1,1,5.12,high,3.0267
-3.83,-3.1,-2.97,0,1,0,0,0,0,1,0,0,0,0,1,-9.9,low,9.207
0.98,0.6,0.65,1,0,0,1,0,0,0,0,0,1,1,1,2.23,high,0.39
0.85,1.08,1.18,1,1,0,0,0,0,0,0,0,1,1,0,3.1100000000000003,high,1.2744
0.79,1.22,1.51,0,0,0,0,0,0,0,0,1,0,1,0,3.5199999999999996,high,1.8422
0.52,0.4,0.92,0,0,1,0,0,0,0,0,0,1,1,1,1.84,high,0.36800000000000005
-0.6,-1.25,-0.93,1,0,0,0,0,0,1,0,0,0,1,1,-2.7800000000000002,mid,1.1625
-1.72,-0.7,-1.12,0,0,1,0,0,0,0,0,0,0,1,1,-3.54,mid,0.784
0.98,0.4,0.52,1,0,0,0,1,0,0,0,0,1,1,0,1.9,high,0.20800000000000002
-1.46,-1.66,-1.52,0,0,0,0,0,0,0,0,0,1,0,1,-4.640000000000001,mid,2.5232
0.06,1.15,0.98,0,0,0,1,0,0,0,0,1,0,0,0,2.19,high,1.127
1.31,0.81,0.46,1,0,0,0,1,0,1,0,0,0,0,0,2.58,high,0.37260000000000004
-0.07,0.88,0.65,0,1,0,0,0,0,0,0,0,1,1,0,1.46,high,0.5720000000000001
-0.73,0.47,0.52,0,0,0,1,0,0,0,0,0,0,0,1,0.26,mid,0.2444
-0.27,0.19,0.39,0,0,0,1,0,1,0,0,0,0,0,1,0.31,mid,0.0741
-0.2,-0.42,-0.4,1,0,0,0,0,0,1,0,0,0,1,1,-1.02,mid,0.168
1.45,2.04,1.77,0,0,0,0,1,0,0,1,0,0,1,0,5.26,high,3.6108000000000002
-0.27,-0.97,-0.86,1,0,1,0,0,0,1,0,0,0,0,1,-2.1,mid,0.8341999999999999
-0.47,0.12,-0.2,0,0,1,0,0,0,1,0,0,0,0,0,-0.55,mid,-0.024
0.13,0.6,0.59,0,0,0,1,0,0,0,0,1,0,1,0,1.3199999999999998,high,0.354
0.72,1.15,1.18,0,0,0,1,0,0,0,0,1,0,0,1,3.05,high,1.3569999999999998
